epitope_species,cdr3b,cdr3a,epitope,epitope_gene
flu,CASSSRSSYEQYF,,GILGFVFTL,M1
CMV,CASSPVTGGIYGYTF,,NLVPMVATV,pp65
EBV,CSARDGTGNGYTF,,GLCTLVAML,BMLF1
CMV,CASRPDGRETQYF,,NLVPMVATV,pp65
CMV,CASSETGFGNQPQHF,,NLVPMVATV,pp65
CMV,CASSLAPGATNEKLFF,,NLVPMVATV,pp65
CMV,CASSLAPGTTNEKLFF,,NLVPMVATV,pp65
CMV,CASSLGMFNTEAFF,,NLVPMVATV,pp65
CMV,CASSNLPGTVEAFF,,NLVPMVATV,pp65
CMV,CASSPRQSNQPQHF,,NLVPMVATV,pp65
CMV,CASSQDISRGQTLFGNSPLHF,,NLVPMVATV,pp65
CMV,CASSQTGFGNQPQHF,,NLVPMVATV,pp65
CMV,CASSSETTSPLHF,,NLVPMVATV,pp65
CMV,CASSSVNEQYF,,NLVPMVATV,pp65
CMV,CSAREEGTQAWETQYF,,NLVPMVATV,pp65
EBV,CAIQYRGNQPQHF,,GLCTLVAML,BMLF1
flu,CASMVGQGTGELFF,,GILGFVFTL,M1
flu,CASRSPQETQYF,,GILGFVFTL,M1
flu,CASSFSPSSYNEQFF,,GILGFVFTL,M1
flu,CASSIDGNVAPLHF,,GILGFVFTL,M1
flu,CASSIFGGAREQFF,,GILGFVFTL,M1
flu,CASSIRSAYEQYF,,GILGFVFTL,M1
flu,CASSIRSLDIQYF,,GILGFVFTL,M1
flu,CASSIRSSYEQYF,,GILGFVFTL,M1
flu,CASSIRSTDTQYF,,GILGFVFTL,M1
flu,CASSIRSTGELFF,,GILGFVFTL,M1
flu,CASSISSINEQFF,,GILGFVFTL,M1
flu,CASSMGQGTYEQYF,,GILGFVFTL,M1
flu,CASSMRSSYEQYF,,GILGFVFTL,M1
flu,CASSMRSTDTQYF,,GILGFVFTL,M1
flu,CASSNRASEKLFF,,GILGFVFTL,M1
flu,CASSQERGGKWAYEQYF,,GILGFVFTL,M1
flu,CASSQLGGISNQPQHF,,GILGFVFTL,M1
flu,CASSSRASYEQYF,,GILGFVFTL,M1
flu,CASSSRSTGELFF,,GILGFVFTL,M1
flu,CASSTRAANEQFF,,GILGFVFTL,M1
flu,CASSTRSSSEQYF,,GILGFVFTL,M1
flu,CSASGGRQRTEAFF,,GILGFVFTL,M1
CMV,CASSDRETYEQYF,,NLVPMVATV,pp65
CMV,CASSFSTGYADGYTF,,NLVPMVATV,pp65
CMV,CASSYFRDRVGDQPQHF,,NLVPMVATV,pp65
CMV,CASSYSSSTGELFF,,NLVPMVATV,pp65
CMV,CSAFDREGVDGYTF,,NLVPMVATV,pp65
EBV,CASSEESYLMNTEAFF,,GLCTLVAML,BMLF1
EBV,CASSLWVGGSSGANVLTF,,GLCTLVAML,BMLF1
EBV,CASSPTSGSVYEQYF,,GLCTLVAML,BMLF1
flu,CASSDSRTPFQRPLFEAFF,,GILGFVFTL,M1
flu,CASSEDPATNEKLFF,,GILGFVFTL,M1
flu,CASSFGVYEQYF,,GILGFVFTL,M1
flu,CASSFSGDTEAFF,,GILGFVFTL,M1
flu,CASSGLEGAGDTQYF,,GILGFVFTL,M1
flu,CASSGRATDTQYF,,GILGFVFTL,M1
flu,CASSGRSGIEQYF,,GILGFVFTL,M1
flu,CASSGRSTDTQYF,,GILGFVFTL,M1
flu,CASSIFASGNTQYF,,GILGFVFTL,M1
flu,CASSIFSGQPQHF,,GILGFVFTL,M1
flu,CASSIHGADTQYF,,GILGFVFTL,M1
flu,CASSIHGAETQYF,,GILGFVFTL,M1
flu,CASSILSNQPQHF,,GILGFVFTL,M1
flu,CASSIRAAYEQYF,,GILGFVFTL,M1
flu,CASSIRASNEQFF,,GILGFVFTL,M1
flu,CASSIRSAYEQFF,,GILGFVFTL,M1
flu,CASSIRSAYEQYF,,GILGFVFTL,M1
flu,CASSIRSMDIQYF,,GILGFVFTL,M1
flu,CASSIRSSAEAFF,,GILGFVFTL,M1
flu,CASSIRSSDTQYF,,GILGFVFTL,M1
flu,CASSIRSSYEQYF,,GILGFVFTL,M1
flu,CASSIRSTDTQYF,,GILGFVFTL,M1
flu,CASSIYGLSSYNEQFF,,GILGFVFTL,M1
flu,CASSIYSNGEQYF,,GILGFVFTL,M1
flu,CASSIYSNQPQHF,,GILGFVFTL,M1
flu,CASSIYSTPDQPQHF,,GILGFVFTL,M1
flu,CASSIYSVNEQFF,,GILGFVFTL,M1
flu,CASSKRSGIEQYF,,GILGFVFTL,M1
flu,CASSLAGEVNEQFF,,GILGFVFTL,M1
flu,CASSLEVGQETQYF,,GILGFVFTL,M1
flu,CASSLGQGRETQYF,,GILGFVFTL,M1
flu,CASSLLAGPYNEQFF,,GILGFVFTL,M1
flu,CASSLVGGLVGGYTF,,GILGFVFTL,M1
flu,CASSLYSNQPQHF,,GILGFVFTL,M1
flu,CASSMFVGQPQHF,,GILGFVFTL,M1
flu,CASSMRSSYEQYF,,GILGFVFTL,M1
flu,CASSMRSTDTQYF,,GILGFVFTL,M1
flu,CASSPTGGLETQYF,,GILGFVFTL,M1
flu,CASSPYHTNEQFF,,GILGFVFTL,M1
flu,CASSQERGGKWAYEQYF,,GILGFVFTL,M1
flu,CASSQGSYGYTF,,GILGFVFTL,M1
flu,CASSQRSTDTQYF,,GILGFVFTL,M1
flu,CASSSFGTDTQYF,,GILGFVFTL,M1
flu,CASSSHHGSPLGQYF,,GILGFVFTL,M1
flu,CASSSRASYEQYF,,GILGFVFTL,M1
flu,CASSSRSAYEQYF,,GILGFVFTL,M1
flu,CASSSRSSYEQYF,,GILGFVFTL,M1
flu,CASSSRSTGELFF,,GILGFVFTL,M1
flu,CASSSSGGEYNEQFF,,GILGFVFTL,M1
flu,CASSTHSGNEQFF,,GILGFVFTL,M1
flu,CASSTRSAAPLHF,,GILGFVFTL,M1
flu,CASSTRSAYEQYF,,GILGFVFTL,M1
flu,CASSTRSQETQYF,,GILGFVFTL,M1
flu,CASSTRSSYEQYF,,GILGFVFTL,M1
flu,CASSTRSTDTQYF,,GILGFVFTL,M1
flu,CASSTYSTDTQYF,,GILGFVFTL,M1
flu,CASSVRSADTQYF,,GILGFVFTL,M1
flu,CASSVRSTDTQYF,,GILGFVFTL,M1
flu,CASSVRSTGELFF,,GILGFVFTL,M1
flu,CASSVYSNQPQHF,,GILGFVFTL,M1
flu,CASSWVVPPNEQFF,,GILGFVFTL,M1
flu,CASSYNVRDGDYGYTF,,GILGFVFTL,M1
flu,CASSYRSTQPQHF,,GILGFVFTL,M1
flu,CASSYYSNQPQHF,,GILGFVFTL,M1
flu,CATSQGSYGYTF,,GILGFVFTL,M1
flu,CSAARTGGNEKLFF,,GILGFVFTL,M1
flu,CSVEISGKEDTQYF,,GILGFVFTL,M1
flu,CSVRTIYEEQYF,,GILGFVFTL,M1
flu,CSVVVGDLYNEQFF,,GILGFVFTL,M1
CMV,CASSETGGNQPQHF,,NLVPMVATV,pp65
CMV,CASSLAPGATNEKLFF,,NLVPMVATV,pp65
CMV,CASSLEGFTEAFF,,NLVPMVATV,pp65
CMV,CASSSANYGYTF,,NLVPMVATV,pp65
CMV,CASSVVERAFF,,NLVPMVATV,pp65
EBV,CASSQSPGGTQYF,,GLCTLVAML,BMLF1
flu,CASSDLDSNQPQHF,,GILGFVFTL,M1
flu,CASSEALVLEQFF,,GILGFVFTL,M1
flu,CASSLGTGHNEQFF,,GILGFVFTL,M1
flu,CASSMRAGVEQFF,,GILGFVFTL,M1
flu,CASSPRQGIETQYF,,GILGFVFTL,M1
flu,CASSSDRGGYNEQFF,,GILGFVFTL,M1
flu,CASSTTSGGVETQYF,,GILGFVFTL,M1
flu,CASSTVSSYEQYF,,GILGFVFTL,M1
flu,CASSWQGNQPQHF,,GILGFVFTL,M1
flu,CASSYLYRIGQLEAFF,,GILGFVFTL,M1
CMV,CAIRDKMNTEAFF,,NLVPMVATV,pp65
CMV,CAISAGTGVRNEQYF,,NLVPMVATV,pp65
CMV,CAISDGGRTDTYEQYF,,NLVPMVATV,pp65
CMV,CAISESYEQYF,,NLVPMVATV,pp65
CMV,CASGLTSGLAGGRGNEQFF,,NLVPMVATV,pp65
CMV,CASMGGSNEQFF,,NLVPMVATV,pp65
CMV,CASRDTSGTAYEQYF,,NLVPMVATV,pp65
CMV,CASREDGTEAFF,,NLVPMVATV,pp65
CMV,CASRSEETQYF,,NLVPMVATV,pp65
CMV,CASSFGLAGVEDTQYF,,NLVPMVATV,pp65
CMV,CASSFLQGNQPQHF,,NLVPMVATV,pp65
CMV,CASSFTSRGTGELFF,,NLVPMVATV,pp65
CMV,CASSFYGYSNQPQHF,,NLVPMVATV,pp65
CMV,CASSGTNSPLHF,,NLVPMVATV,pp65
CMV,CASSHEVYYEQYF,,NLVPMVATV,pp65
CMV,CASSIVPMFGEQYF,,NLVPMVATV,pp65
CMV,CASSLAQVDQYF,,NLVPMVATV,pp65
CMV,CASSLARGGLGEQYF,,NLVPMVATV,pp65
CMV,CASSLASPETQYF,,NLVPMVATV,pp65
CMV,CASSLAVGEDGSPLHF,,NLVPMVATV,pp65
CMV,CASSLDSTGGIGELFF,,NLVPMVATV,pp65
CMV,CASSLGRDLNQPQHF,,NLVPMVATV,pp65
CMV,CASSLGRGIYEQYF,,NLVPMVATV,pp65
CMV,CASSLLSGGSYNEQFF,,NLVPMVATV,pp65
CMV,CASSLQVASGSREEQFF,,NLVPMVATV,pp65
CMV,CASSLTGTTYGGYTF,,NLVPMVATV,pp65
CMV,CASSLTYGEYEQYF,,NLVPMVATV,pp65
CMV,CASSLVGDRDGYTF,,NLVPMVATV,pp65
CMV,CASSLVGSGGEQYF,,NLVPMVATV,pp65
CMV,CASSLVPSGSTDTQYF,,NLVPMVATV,pp65
CMV,CASSLWDPGELFF,,NLVPMVATV,pp65
CMV,CASSNLRWKGRGYTF,,NLVPMVATV,pp65
CMV,CASSPGQGGDEQYF,,NLVPMVATV,pp65
CMV,CASSPRAGTGNSPLHF,,NLVPMVATV,pp65
CMV,CASSPSSGAYEQYF,,NLVPMVATV,pp65
CMV,CASSQASGGPINEQFF,,NLVPMVATV,pp65
CMV,CASSQDALGYEQYF,,NLVPMVATV,pp65
CMV,CASSQEQGDIQYF,,NLVPMVATV,pp65
CMV,CASSQERGGKWAYEQYF,,NLVPMVATV,pp65
CMV,CASSQGGGPGANVLTF,,NLVPMVATV,pp65
CMV,CASSQGKDTQYF,,NLVPMVATV,pp65
CMV,CASSQGRDRPTEAFF,,NLVPMVATV,pp65
CMV,CASSQRMGLSETQYF,,NLVPMVATV,pp65
CMV,CASSQSGGDVGELFF,,NLVPMVATV,pp65
CMV,CASSRLGDGDSNQPQHF,,NLVPMVATV,pp65
CMV,CASSSNIGGSPLHF,,NLVPMVATV,pp65
CMV,CASSSRTSGINEQFF,,NLVPMVATV,pp65
CMV,CASSTPGAKLGDTGELFF,,NLVPMVATV,pp65
CMV,CASSYSRSDGHLGNTIYF,,NLVPMVATV,pp65
CMV,CASSYSWGFQETQYF,,NLVPMVATV,pp65
CMV,CASTGTARFTGELFF,,NLVPMVATV,pp65
CMV,CATSRGTVSYEQYF,,NLVPMVATV,pp65
CMV,CATSRPTVGSRLRDGYTF,,NLVPMVATV,pp65
CMV,CAWIITSTDTQYF,,NLVPMVATV,pp65
CMV,CAWRPAMVYEQYF,,NLVPMVATV,pp65
CMV,CAWSEGDNQPQHF,,NLVPMVATV,pp65
CMV,CAWSGRLAGESGELFF,,NLVPMVATV,pp65
CMV,CAWSNQPQHF,,NLVPMVATV,pp65
CMV,CAWSVADTQYF,,NLVPMVATV,pp65
CMV,CSAARGHYGYTF,,NLVPMVATV,pp65
CMV,CSAGEASGVFQETQYF,,NLVPMVATV,pp65
CMV,CSAKVEGYEQYF,,NLVPMVATV,pp65
CMV,CSAMGMNTEAFF,,NLVPMVATV,pp65
CMV,CSAPPDSLNTEAFF,,NLVPMVATV,pp65
CMV,CSARAEGARDSPLHF,,NLVPMVATV,pp65
CMV,CSARDVPGTTLGGELFF,,NLVPMVATV,pp65
CMV,CSARPRVFRALETQYF,,NLVPMVATV,pp65
CMV,CSARRTGSTYNEQFF,,NLVPMVATV,pp65
CMV,CSARSLYSTDTQYF,,NLVPMVATV,pp65
CMV,CSARYGSTCEQYF,,NLVPMVATV,pp65
CMV,CSASRQSNQPQHF,,NLVPMVATV,pp65
CMV,CSATTESNQPQHF,,NLVPMVATV,pp65
CMV,CSDGQAFF,,NLVPMVATV,pp65
CMV,CSGGRGEETQYF,,NLVPMVATV,pp65
CMV,CSVEDPAGTYEQYL,,NLVPMVATV,pp65
CMV,CSVEYRDNEQFF,,NLVPMVATV,pp65
CMV,CSVGLAGSYNEQFF,,NLVPMVATV,pp65
flu,CAISRGNEQYF,,GILGFVFTL,M1
flu,CASSFGQGGYEQYF,,GILGFVFTL,M1
flu,CASSGDFPNEQFF,,GILGFVFTL,M1
flu,CASSLGTGPYNEQFF,,GILGFVFTL,M1
flu,CASSLMADTQYF,,GILGFVFTL,M1
flu,CASSMRSYNEQFF,,GILGFVFTL,M1
flu,CASSPDGPYNEQFF,,GILGFVFTL,M1
flu,CASSQDEPYEQYF,,GILGFVFTL,M1
flu,CASSQEVFRLAETSGEYEQYF,,GILGFVFTL,M1
flu,CSARVAGVEDTQYF,,GILGFVFTL,M1
CMV,CASRDRLVSYEQYF,,VTEHDTLLY,pp50
CMV,CASSWTGPSYEQYF,,VTEHDTLLY,pp50
flu,CASSYSSSSYNEQFF,,CTELKLSDY,NP44
CMV,CASRASGLASNEQFF,,NLVPMVATV,pp65
CMV,CASSDAGFRTQYF,,NLVPMVATV,pp65
CMV,CASSFQGYTEAFF,,NLVPMVATV,pp65
CMV,CASSFSSLNTGELFF,,NLVPMVATV,pp65
CMV,CASSLAGYEQYF,,NLVPMVATV,pp65
CMV,CASSLEGFTEAFF,,NLVPMVATV,pp65
CMV,CASSWSGGGARDTQYF,,NLVPMVATV,pp65
CMV,CATSSGYEAGDNYEQYF,,NLVPMVATV,pp65
CMV,CSVVAGGADTQYF,,NLVPMVATV,pp65
flu,CASSYTLPGTVPQRNQPQHF,,GILGFVFTL,M1
CMV,CACRPRALYGYTF,,VTEHDTLLY,pp50
CMV,CAGTLAGGTDTQYF,,VTEHDTLLY,pp50
CMV,CAPRGGTNTGELFF,,VTEHDTLLY,pp50
CMV,CASGLDGGPEQFF,,VTEHDTLLY,pp50
CMV,CASNWQGPYNEQFF,,VTEHDTLLY,pp50
CMV,CASRAAPNTEAFF,,VTEHDTLLY,pp50
CMV,CASREEGCQPQHF,,VTEHDTLLY,pp50
CMV,CASRHNTQASHEQYF,,VTEHDTLLY,pp50
CMV,CASRHPLQGKSGYGYTF,,VTEHDTLLY,pp50
CMV,CASRKGGSDTQYF,,VTEHDTLLY,pp50
CMV,CASRLTNGADTQYF,,VTEHDTLLY,pp50
CMV,CASRPGTSGRNNEQFF,,VTEHDTLLY,pp50
CMV,CASRTSRQGIPEAFF,,VTEHDTLLY,pp50
CMV,CASRWSGGGARDPQYF,,VTEHDTLLY,pp50
CMV,CASRWSGGGARDTQNF,,VTEHDTLLY,pp50
CMV,CASSAAGALGYTF,,VTEHDTLLY,pp50
CMV,CASSADRDRGLDTGELFF,,VTEHDTLLY,pp50
CMV,CASSAIGGAYEQYF,,VTEHDTLLY,pp50
CMV,CASSAVLAGVDDEQYF,,VTEHDTLLY,pp50
CMV,CASSDDRRAFF,,VTEHDTLLY,pp50
CMV,CASSDLAVSYNEQFF,,VTEHDTLLY,pp50
CMV,CASSDLRAGELFF,,VTEHDTLLY,pp50
CMV,CASSEAHAVYEQYF,,VTEHDTLLY,pp50
CMV,CASSEMAGGSTDTQYF,,VTEHDTLLY,pp50
CMV,CASSESLLTEQFF,,VTEHDTLLY,pp50
CMV,CASSFITDTQYF,,VTEHDTLLY,pp50
CMV,CASSFPRVNTGELFF,,VTEHDTLLY,pp50
CMV,CASSFPVLAGLSSTDTQYF,,VTEHDTLLY,pp50
CMV,CASSFRAGYNEQFF,,VTEHDTLLY,pp50
CMV,CASSGEREDNEQFF,,VTEHDTLLY,pp50
CMV,CASSGGQGPLKELTYEQYF,,VTEHDTLLY,pp50
CMV,CASSGPSNEQFF,,VTEHDTLLY,pp50
CMV,CASSGTSLGGELFF,,VTEHDTLLY,pp50
CMV,CASSLAGAGNEQFF,,VTEHDTLLY,pp50
CMV,CASSLAGFGQPQHF,,VTEHDTLLY,pp50
CMV,CASSLAGNSAEQYF,,VTEHDTLLY,pp50
CMV,CASSLAPASGRRDNEQFF,,VTEHDTLLY,pp50
CMV,CASSLAPDRVEGQPQHF,,VTEHDTLLY,pp50
CMV,CASSLAPGQGILNEQFF,,VTEHDTLLY,pp50
CMV,CASSLAQGYEQYF,,VTEHDTLLY,pp50
CMV,CASSLASTGELFF,,VTEHDTLLY,pp50
CMV,CASSLAVGDSPLHF,,VTEHDTLLY,pp50
CMV,CASSLEAGDQPQHF,,VTEHDTLLY,pp50
CMV,CASSLEAGGQPQHF,,VTEHDTLLY,pp50
CMV,CASSLEGLAAQETQYF,,VTEHDTLLY,pp50
CMV,CASSLEGSTDTQYF,,VTEHDTLLY,pp50
CMV,CASSLEREDYEQYF,,VTEHDTLLY,pp50
CMV,CASSLEVGLSYEQYF,,VTEHDTLLY,pp50
CMV,CASSLFGDNEKLFF,,VTEHDTLLY,pp50
CMV,CASSLFGGNTEAFF,,VTEHDTLLY,pp50
CMV,CASSLFSSGQETQYF,,VTEHDTLLY,pp50
CMV,CASSLGGEQFF,,VTEHDTLLY,pp50
CMV,CASSLGGSGYEQYF,,VTEHDTLLY,pp50
CMV,CASSLGQGGSYEQYF,,VTEHDTLLY,pp50
CMV,CASSLGTGEVVGELFF,,VTEHDTLLY,pp50
CMV,CASSLGTGGWETQYF,,VTEHDTLLY,pp50
CMV,CASSLGTSGSYEQYF,,VTEHDTLLY,pp50
CMV,CASSLGVAGEAFF,,VTEHDTLLY,pp50
CMV,CASSLGVDEQFF,,VTEHDTLLY,pp50
CMV,CASSLGYGTEAFF,,VTEHDTLLY,pp50
CMV,CASSLHETGMNTEAFF,,VTEHDTLLY,pp50
CMV,CASSLIASPADTQYF,,VTEHDTLLY,pp50
CMV,CASSLIGEGTTEDEQFF,,VTEHDTLLY,pp50
CMV,CASSLLSGTSYEQYF,,VTEHDTLLY,pp50
CMV,CASSLNPRQGRDEQFF,,VTEHDTLLY,pp50
CMV,CASSLNPRQGRDEQYF,,VTEHDTLLY,pp50
CMV,CASSLNSLWVAGGNNEQFF,,VTEHDTLLY,pp50
CMV,CASSLPAGDIQYF,,VTEHDTLLY,pp50
CMV,CASSLPGPKEQYF,,VTEHDTLLY,pp50
CMV,CASSLPLTDTQYF,,VTEHDTLLY,pp50
CMV,CASSLPSGRAYEQYF,,VTEHDTLLY,pp50
CMV,CASSLRGAGVFETQYF,,VTEHDTLLY,pp50
CMV,CASSLRRGPDTGELFF,,VTEHDTLLY,pp50
CMV,CASSLRRLAGQYEQFF,,VTEHDTLLY,pp50
CMV,CASSLSGLGDNEQFF,,VTEHDTLLY,pp50
CMV,CASSLSGSYEQFF,,VTEHDTLLY,pp50
CMV,CASSLSGSYEQYF,,VTEHDTLLY,pp50
CMV,CASSLSLAGIPDTQYF,,VTEHDTLLY,pp50
CMV,CASSLSLAGREQFF,,VTEHDTLLY,pp50
CMV,CASSLSTSEQFF,,VTEHDTLLY,pp50
CMV,CASSLTDTQYF,,VTEHDTLLY,pp50
CMV,CASSLTGAPTGNSNQPQHF,,VTEHDTLLY,pp50
CMV,CASSLTGGYEQYF,,VTEHDTLLY,pp50
CMV,CASSLTGLAGTGELFF,,VTEHDTLLY,pp50
CMV,CASSLVDLVHGYTF,,VTEHDTLLY,pp50
CMV,CASSLVEQGIEQYF,,VTEHDTLLY,pp50
CMV,CASSLVLGLAQGYNEQFF,,VTEHDTLLY,pp50
CMV,CASSLVRVRTSGYYEQYF,,VTEHDTLLY,pp50
CMV,CASSLVVPQLPTYEQFF,,VTEHDTLLY,pp50
CMV,CASSLVVPQLPTYEQYF,,VTEHDTLLY,pp50
CMV,CASSPDTGELFF,,VTEHDTLLY,pp50
CMV,CASSPEGAQSYEQYF,,VTEHDTLLY,pp50
CMV,CASSPEWGYEQYF,,VTEHDTLLY,pp50
CMV,CASSPGAVYEQYF,,VTEHDTLLY,pp50
CMV,CASSPGLAMNNEQFF,,VTEHDTLLY,pp50
CMV,CASSPGPGAGYGYTF,,VTEHDTLLY,pp50
CMV,CASSPGPTGELFF,,VTEHDTLLY,pp50
CMV,CASSPGQDTDTQYF,,VTEHDTLLY,pp50
CMV,CASSPGQLLTF,,VTEHDTLLY,pp50
CMV,CASSPGSTDTQYF,,VTEHDTLLY,pp50
CMV,CASSPIGGLEETQYF,,VTEHDTLLY,pp50
CMV,CASSPMSGSNEQFF,,VTEHDTLLY,pp50
CMV,CASSPPGIGGYNEQFF,,VTEHDTLLY,pp50
CMV,CASSPPLGAQQFF,,VTEHDTLLY,pp50
CMV,CASSPPWTNEKLFF,,VTEHDTLLY,pp50
CMV,CASSPQGINTEAFF,,VTEHDTLLY,pp50
CMV,CASSPQGVVEQFF,,VTEHDTLLY,pp50
CMV,CASSPRGRYYEQYF,,VTEHDTLLY,pp50
CMV,CASSPRSGLGPYNEQFF,,VTEHDTLLY,pp50
CMV,CASSPRTGLNTEAFF,,VTEHDTLLY,pp50
CMV,CASSPRTSGNEQFF,,VTEHDTLLY,pp50
CMV,CASSPTGGGTGELFF,,VTEHDTLLY,pp50
CMV,CASSPTGGNTGELFF,,VTEHDTLLY,pp50
CMV,CASSPTGGSSYEQYF,,VTEHDTLLY,pp50
CMV,CASSPTWSPYEQYF,,VTEHDTLLY,pp50
CMV,CASSPVAGGNHNEQFF,,VTEHDTLLY,pp50
CMV,CASSPVGGSYNEQFF,,VTEHDTLLY,pp50
CMV,CASSQAGSNYGYTF,,VTEHDTLLY,pp50
CMV,CASSQAHEFRGNTIYF,,VTEHDTLLY,pp50
CMV,CASSQAPRGWDEQYF,,VTEHDTLLY,pp50
CMV,CASSQDAQGGGSYNEQFF,,VTEHDTLLY,pp50
CMV,CASSQDFLQTFNQPQHF,,VTEHDTLLY,pp50
CMV,CASSQDGLGGSYNEQFF,,VTEHDTLLY,pp50
CMV,CASSQDGRAQGGEAFF,,VTEHDTLLY,pp50
CMV,CASSQDGTGIGGKLFF,,VTEHDTLLY,pp50
CMV,CASSQDIGVSYEQYF,,VTEHDTLLY,pp50
CMV,CASSQDISDTDTQYF,,VTEHDTLLY,pp50
CMV,CASSQDKTRSRGSYNEQFF,,VTEHDTLLY,pp50
CMV,CASSQDRAGLYEQYF,,VTEHDTLLY,pp50
CMV,CASSQDRNSGYGYTF,,VTEHDTLLY,pp50
CMV,CASSQDRQGWNEQYF,,VTEHDTLLY,pp50
CMV,CASSQDRRGGNYEQYF,,VTEHDTLLY,pp50
CMV,CASSQDRRRAWNEQFF,,VTEHDTLLY,pp50
CMV,CASSQDRSLEQYF,,VTEHDTLLY,pp50
CMV,CASSQDRTGGGGYTF,,VTEHDTLLY,pp50
CMV,CASSQDTGAGSYNEQFF,,VTEHDTLLY,pp50
CMV,CASSQDTGLGVGAYEQYF,,VTEHDTLLY,pp50
CMV,CASSQDTGQGVEQYF,,VTEHDTLLY,pp50
CMV,CASSQDTKGANTEAFF,,VTEHDTLLY,pp50
CMV,CASSQDWDTQYF,,VTEHDTLLY,pp50
CMV,CASSQERSMNTEAFF,,VTEHDTLLY,pp50
CMV,CASSQESGGGYEQFF,,VTEHDTLLY,pp50
CMV,CASSQETIAKNIQYF,,VTEHDTLLY,pp50
CMV,CASSQFSAGGSTDTQYF,,VTEHDTLLY,pp50
CMV,CASSQGASADTQYF,,VTEHDTLLY,pp50
CMV,CASSQGGSDTQYF,,VTEHDTLLY,pp50
CMV,CASSQGPGQGANYGYTF,,VTEHDTLLY,pp50
CMV,CASSQGQVGDGYTF,,VTEHDTLLY,pp50
CMV,CASSQGRGDTEAFF,,VTEHDTLLY,pp50
CMV,CASSQGRGRNTEAFF,,VTEHDTLLY,pp50
CMV,CASSQGSAPSYEQYF,,VTEHDTLLY,pp50
CMV,CASSQGTATNSPLHF,,VTEHDTLLY,pp50
CMV,CASSQGTGGDEQYF,,VTEHDTLLY,pp50
CMV,CASSQGTGNTEAFF,,VTEHDTLLY,pp50
CMV,CASSQGTVDEQFF,,VTEHDTLLY,pp50
CMV,CASSQLAGVVTQYF,,VTEHDTLLY,pp50
CMV,CASSQLGQGNTGELFF,,VTEHDTLLY,pp50
CMV,CASSQLPGPEAFF,,VTEHDTLLY,pp50
CMV,CASSQMEQLEQYF,,VTEHDTLLY,pp50
CMV,CASSQPGLAVEQYF,,VTEHDTLLY,pp50
CMV,CASSQSRSSYNEQFF,,VTEHDTLLY,pp50
CMV,CASSQVGTGSINEQFF,,VTEHDTLLY,pp50
CMV,CASSQVQGAYEQYF,,VTEHDTLLY,pp50
CMV,CASSQVQGTDTQYF,,VTEHDTLLY,pp50
CMV,CASSRAGTGGSETQYF,,VTEHDTLLY,pp50
CMV,CASSRDRGPIGEQYF,,VTEHDTLLY,pp50
CMV,CASSRGEGGNEQFF,,VTEHDTLLY,pp50
CMV,CASSRRGQNTEAFF,,VTEHDTLLY,pp50
CMV,CASSRTLNTEAFF,,VTEHDTLLY,pp50
CMV,CASSRYRQYNQPQHF,,VTEHDTLLY,pp50
CMV,CASSRYTGTSGNNEQFF,,VTEHDTLLY,pp50
CMV,CASSSGLGGPETQYF,,VTEHDTLLY,pp50
CMV,CASSSGRGLVQYF,,VTEHDTLLY,pp50
CMV,CASSSGRTAFYEQYF,,VTEHDTLLY,pp50
CMV,CASSSGTFYGYTF,,VTEHDTLLY,pp50
CMV,CASSSIAGPIEQFF,,VTEHDTLLY,pp50
CMV,CASSSIWTSGREETQYF,,VTEHDTLLY,pp50
CMV,CASSSLERGWETQYF,,VTEHDTLLY,pp50
CMV,CASSSLGTEAFF,,VTEHDTLLY,pp50
CMV,CASSSLGTRSPLHF,,VTEHDTLLY,pp50
CMV,CASSSNRAGELFF,,VTEHDTLLY,pp50
CMV,CASSSQEGIEAFF,,VTEHDTLLY,pp50
CMV,CASSSSGQVYEQYF,,VTEHDTLLY,pp50
CMV,CASSSSSGRTTDTQYF,,VTEHDTLLY,pp50
CMV,CASSSTDSLWEKLFF,,VTEHDTLLY,pp50
CMV,CASSSTLGTQYF,,VTEHDTLLY,pp50
CMV,CASSTEGLLSTDTQYF,,VTEHDTLLY,pp50
CMV,CASSTSRSGGIDTQYF,,VTEHDTLLY,pp50
CMV,CASSWDSSYEQYF,,VTEHDTLLY,pp50
CMV,CASSWFGGGARDTQYF,,VTEHDTLLY,pp50
CMV,CASSWPGGGARDTQHF,,VTEHDTLLY,pp50
CMV,CASSWSGGAARDTQYF,,VTEHDTLLY,pp50
CMV,CASSWSGGARDTQYF,,VTEHDTLLY,pp50
CMV,CASSWSGGGARATQYF,,VTEHDTLLY,pp50
CMV,CASSWSGGGARDMQYF,,VTEHDTLLY,pp50
CMV,CASSWSGGGARDTKNF,,VTEHDTLLY,pp50
CMV,CASSWSGGGARDTQDV,,VTEHDTLLY,pp50
CMV,CASSWSGGGARDTQHF,,VTEHDTLLY,pp50
CMV,CASSWSGGGARDTQNF,,VTEHDTLLY,pp50
CMV,CASSWSGGGARDTQYF,,VTEHDTLLY,pp50
CMV,CASSWSGGGARVPQYF,,VTEHDTLLY,pp50
CMV,CASSWSGGGASATQYF,,VTEHDTLLY,pp50
CMV,CASSWSGGGASDTPYF,,VTEHDTLLY,pp50
CMV,CASSWSGGGGARDTQYF,,VTEHDTLLY,pp50
CMV,CASSWSGGGPRDTQNF,,VTEHDTLLY,pp50
CMV,CASSWSGGGTTDTQYF,,VTEHDTLLY,pp50
CMV,CASSWSGGRASDTQYF,,VTEHDTLLY,pp50
CMV,CASSWTGGGARDTQYF,,VTEHDTLLY,pp50
CMV,CASSYDRGDYEQYF,,VTEHDTLLY,pp50
CMV,CASSYGGGGYEQFF,,VTEHDTLLY,pp50
CMV,CASSYGGPLADTQYF,,VTEHDTLLY,pp50
CMV,CASSYLAGEGYEQYF,,VTEHDTLLY,pp50
CMV,CASSYPSNPGGTEAFF,,VTEHDTLLY,pp50
CMV,CASSYSAGGPYEQYF,,VTEHDTLLY,pp50
CMV,CASSYYSSNYGYTF,,VTEHDTLLY,pp50
CMV,CASTHAGRPYEQYF,,VTEHDTLLY,pp50
CMV,CASTLLGGKYEQYF,,VTEHDTLLY,pp50
CMV,CASTPGATTGELFF,,VTEHDTLLY,pp50
CMV,CASTQEPGELFF,,VTEHDTLLY,pp50
CMV,CATDHGGTDEAFF,,VTEHDTLLY,pp50
CMV,CATSPRGGNQPQHF,,VTEHDTLLY,pp50
CMV,CATSVTVLDTGELFF,,VTEHDTLLY,pp50
CMV,CAWNKGIAGYTF,,VTEHDTLLY,pp50
CMV,CAWRPEPGQEEFNAYF,,VTEHDTLLY,pp50
CMV,CAWSAGVNTGELFF,,VTEHDTLLY,pp50
CMV,CAWSLPASYEQYF,,VTEHDTLLY,pp50
CMV,CAWSLVEGTGELFF,,VTEHDTLLY,pp50
CMV,CAWSVLGGAVETQYF,,VTEHDTLLY,pp50
CMV,CAWSVYRGYEQYF,,VTEHDTLLY,pp50
CMV,CAWSWSGGGTGELFF,,VTEHDTLLY,pp50
CMV,CAWSWSSTDTQYF,,VTEHDTLLY,pp50
CMV,CAWTSGGASEQYF,,VTEHDTLLY,pp50
CMV,CSALGGDGETQYF,,VTEHDTLLY,pp50
CMV,CSANSVSYNEQFF,,VTEHDTLLY,pp50
CMV,CSARALGLVWSDEQFF,,VTEHDTLLY,pp50
CMV,CSARDLDSLSYEQYF,,VTEHDTLLY,pp50
CMV,CSARDRDRAMNTEAFF,,VTEHDTLLY,pp50
CMV,CSARDRGWDEQFF,,VTEHDTLLY,pp50
CMV,CSARDTLAGGVQETQYF,,VTEHDTLLY,pp50
CMV,CSATGTSGRVETQYF,,VTEHDTLLY,pp50
CMV,CSGLTESPAHYSGANVLTF,,VTEHDTLLY,pp50
CMV,CSGRLTGGNEQYF,,VTEHDTLLY,pp50
CMV,CSHRTGLGIEAFF,,VTEHDTLLY,pp50
CMV,CSQQVNNEQFF,,VTEHDTLLY,pp50
CMV,CSVEDAGGTYEQYF,,VTEHDTLLY,pp50
CMV,CSVEEGAYEQYF,,VTEHDTLLY,pp50
CMV,CSVERTGELFF,,VTEHDTLLY,pp50
CMV,CSVGEPGQSSYEQYF,,VTEHDTLLY,pp50
CMV,CSVGGSTDTQYF,,VTEHDTLLY,pp50
CMV,CSVLGGGGYEQYF,,VTEHDTLLY,pp50
CMV,CSVLTGTGYEQYF,,VTEHDTLLY,pp50
CMV,CSVNEGSDEQYF,,VTEHDTLLY,pp50
CMV,CSVPSDMSKKTQYF,,VTEHDTLLY,pp50
CMV,CSVRPGGSYNEQFF,,VTEHDTLLY,pp50
CMV,CSVSLGPAGPPF,,VTEHDTLLY,pp50
flu,CASSSGGPRAEQFF,,CTELKLSDY,NP44
flu,CATSRDLSFGYGYTF,,CTELKLSDY,NP44
flu,CATSREQNNSPLHF,,CTELKLSDY,NP44
flu,CATVGGIDQPQHF,,CTELKLSDY,NP44
flu,CSAEIADYEQYF,,CTELKLSDY,NP44
flu,CSVDQDTQYF,,CTELKLSDY,NP44
CMV,CASSDGQARNTGELFF,,TPRVTGGGAM,pp65
CMV,CASSLSSEGNQETQYF,,TPRVTGGGAM,pp65
CMV,CASSPEGTGSYEQYF,,TPRVTGGGAM,pp65
CMV,CASSPSRNTEAFF,,TPRVTGGGAM,pp65
CMV,CASSPTGITEAFF,,TPRVTGGGAM,pp65
CMV,CASSPTRNTEAFF,,TPRVTGGGAM,pp65
CMV,CASSSLAGELFF,,TPRVTGGGAM,pp65
CMV,CASSTRGTVYGYTF,,TPRVTGGGAM,pp65
flu,CASSLGAAVREQYF,,LPRRSGAAGA,NP177
flu,CASSPGTDTQYF,,LPRRSGAAGA,NP177
flu,CASSVESGGLSYEQYF,,LPRRSGAAGA,NP177
CMV,CASSFQGYTEAFF,,NLVPMVATV,pp65
flu,CANSSHRGEAAFF,,GILGFVFTL,M1
flu,CASRTGTGAFYEQYF,,GILGFVFTL,M1
flu,CASRTGTRALYEQYF,,GILGFVFTL,M1
flu,CASSILAVAGNEQFF,,GILGFVFTL,M1
flu,CASSIRSDNEQFF,,GILGFVFTL,M1
flu,CASSIRSSYEQYF,,GILGFVFTL,M1
flu,CASSMRSGYEQYF,,GILGFVFTL,M1
flu,CASSMRSSWEQYF,,GILGFVFTL,M1
flu,CASSSFYTDTQYF,,GILGFVFTL,M1
flu,CASSSHRGEGAFF,,GILGFVFTL,M1
CMV,CASRPRQGNLIDEQFF,,TPRVTGGGAM,pp65
CMV,CASSFQTSYEQYF,,TPRVTGGGAM,pp65
CMV,CASSPHRNTEAFF,,TPRVTGGGAM,pp65
CMV,CASSSRQGNLIDEQFF,,TPRVTGGGAM,pp65
CMV,CASSSRQGNLIDEQYF,,TPRVTGGGAM,pp65
CMV,CASRNSGRFETQYF,,TPRVTGGGAM,pp65
CMV,CASSPARNTEAFF,,TPRVTGGGAM,pp65
CMV,CASSPHRNTEAFF,,TPRVTGGGAM,pp65
CMV,CASSPQRNTEAFF,,TPRVTGGGAM,pp65
CMV,CASSPSRNTEAFF,,TPRVTGGGAM,pp65
CMV,CASSSSSQGAQETQYF,,TPRVTGGGAM,pp65
CMV,CASTRGLPQETQYF,,TPRVTGGGAM,pp65
CMV,CSVEGYSATYNEQFF,,TPRVTGGGAM,pp65
flu,CAGGTDYEQYF,,LPRRSGAAGA,NP177
flu,CAMREGRRDDKIIF,,LPRRSGAAGA,NP177
flu,CAMREVYGQNFVF,,LPRRSGAAGA,NP177
flu,CANCRWAPAPYEQYF,,LPRRSGAAGA,NP177
flu,CASAGTSGYEQYF,,LPRRSGAAGA,NP177
flu,CASEPSGMTYNEQFF,,LPRRSGAAGA,NP177
flu,CASKGDRGFGNQPQHF,,LPRRSGAAGA,NP177
flu,CASREGSYNEQFF,,LPRRSGAAGA,NP177
flu,CASRIGAAGNSPLHF,,LPRRSGAAGA,NP177
flu,CASRLAGGSDEQFF,,LPRRSGAAGA,NP177
flu,CASRPGSRETDTQYF,,LPRRSGAAGA,NP177
flu,CASRQASEQYF,,LPRRSGAAGA,NP177
flu,CASRTSGGPADTQYF,,LPRRSGAAGA,NP177
flu,CASRVGGAGNNEQFF,,LPRRSGAAGA,NP177
flu,CASSARGLAGETNTDTQYF,,LPRRSGAAGA,NP177
flu,CASSASGTGGEQYF,,LPRRSGAAGA,NP177
flu,CASSAVGTGWHEQYF,,LPRRSGAAGA,NP177
flu,CASSDESWGEDEQFF,,LPRRSGAAGA,NP177
flu,CASSDGDEENIQYF,,LPRRSGAAGA,NP177
flu,CASSEARQGDQPQHF,,LPRRSGAAGA,NP177
flu,CASSEGLLYEQYF,,LPRRSGAAGA,NP177
flu,CASSELGGPNTEAFF,,LPRRSGAAGA,NP177
flu,CASSEVGKGNQPQHF,,LPRRSGAAGA,NP177
flu,CASSFALGGHGYTF,,LPRRSGAAGA,NP177
flu,CASSFDAGMNTEAFF,,LPRRSGAAGA,NP177
flu,CASSFGSSTQYF,,LPRRSGAAGA,NP177
flu,CASSFLAASFYEQYF,,LPRRSGAAGA,NP177
flu,CASSFREAYEQYF,,LPRRSGAAGA,NP177
flu,CASSFYGETQYF,,LPRRSGAAGA,NP177
flu,CASSGGLAGTYEQYF,,LPRRSGAAGA,NP177
flu,CASSGGVQGEQFF,,LPRRSGAAGA,NP177
flu,CASSHRDRATEAFF,,LPRRSGAAGA,NP177
flu,CASSIQGGREAFF,,LPRRSGAAGA,NP177
flu,CASSKQGSSYNEQFF,,LPRRSGAAGA,NP177
flu,CASSKTSASYEQYF,,LPRRSGAAGA,NP177
flu,CASSLAGPGLSTEAFF,,LPRRSGAAGA,NP177
flu,CASSLAPGLGTEAFF,,LPRRSGAAGA,NP177
flu,CASSLAQGMGPGNTIYF,,LPRRSGAAGA,NP177
flu,CASSLASSSQAYEQYF,,LPRRSGAAGA,NP177
flu,CASSLAVRNNEQFF,,LPRRSGAAGA,NP177
flu,CASSLDYRGVGYGYTF,,LPRRSGAAGA,NP177
flu,CASSLEGDQPQHF,,LPRRSGAAGA,NP177
flu,CASSLEGQASSYEQYF,,LPRRSGAAGA,NP177
flu,CASSLEGRNTEAFF,,LPRRSGAAGA,NP177
flu,CASSLGGANVLTF,,LPRRSGAAGA,NP177
flu,CASSLGGQGAGETQYF,,LPRRSGAAGA,NP177
flu,CASSLGMFDQPQHF,,LPRRSGAAGA,NP177
flu,CASSLGQGNTEAFF,,LPRRSGAAGA,NP177
flu,CASSLGQNRPQHF,,LPRRSGAAGA,NP177
flu,CASSLGRETQYF,,LPRRSGAAGA,NP177
flu,CASSLGRGTGELFF,,LPRRSGAAGA,NP177
flu,CASSLISQDTEAFF,,LPRRSGAAGA,NP177
flu,CASSLKAPEAFF,,LPRRSGAAGA,NP177
flu,CASSLLAGLVFDEQFF,,LPRRSGAAGA,NP177
flu,CASSLLGSGETQYF,,LPRRSGAAGA,NP177
flu,CASSLNDRGLTGNEQFF,,LPRRSGAAGA,NP177
flu,CASSLNRVAAVYEQYF,,LPRRSGAAGA,NP177
flu,CASSLQGPNQPQHF,,LPRRSGAAGA,NP177
flu,CASSLRKRSTGELFF,,LPRRSGAAGA,NP177
flu,CASSLRQGADEKLFF,,LPRRSGAAGA,NP177
flu,CASSLSDPYEQYF,,LPRRSGAAGA,NP177
flu,CASSLSEQGRGYTF,,LPRRSGAAGA,NP177
flu,CASSLSGSTDTQYF,,LPRRSGAAGA,NP177
flu,CASSLSRPDTQYF,,LPRRSGAAGA,NP177
flu,CASSLSTQPLGDEQFF,,LPRRSGAAGA,NP177
flu,CASSLTGTGEKLFF,,LPRRSGAAGA,NP177
flu,CASSLVAGTGSVSYEQYF,,LPRRSGAAGA,NP177
flu,CASSLVSGDTQYF,,LPRRSGAAGA,NP177
flu,CASSLWTTGGNQPQHF,,LPRRSGAAGA,NP177
flu,CASSLYTGGRETQYF,,LPRRSGAAGA,NP177
flu,CASSPAGPGMNTEAFF,,LPRRSGAAGA,NP177
flu,CASSPARAERGRELFF,,LPRRSGAAGA,NP177
flu,CASSPDRRLRTEAFF,,LPRRSGAAGA,NP177
flu,CASSPDSPYEQYF,,LPRRSGAAGA,NP177
flu,CASSPFSGPSYEQYF,,LPRRSGAAGA,NP177
flu,CASSPGISGYEQYF,,LPRRSGAAGA,NP177
flu,CASSPGLANTDTQYF,,LPRRSGAAGA,NP177
flu,CASSPKDRDPLGYGYTF,,LPRRSGAAGA,NP177
flu,CASSPLLTTSAPDTQYF,,LPRRSGAAGA,NP177
flu,CASSPPSGPVRNEQFF,,LPRRSGAAGA,NP177
flu,CASSPPSGPVRNEQYF,,LPRRSGAAGA,NP177
flu,CASSPPSGSAYNEQFF,,LPRRSGAAGA,NP177
flu,CASSPRQGAGETQYF,,LPRRSGAAGA,NP177
flu,CASSPRTSGLTDTQYF,,LPRRSGAAGA,NP177
flu,CASSPWGGEQYF,,LPRRSGAAGA,NP177
flu,CASSPWGGKETQYF,,LPRRSGAAGA,NP177
flu,CASSQAGGAGRNTGELFF,,LPRRSGAAGA,NP177
flu,CASSQDIVGTGKGYTF,,LPRRSGAAGA,NP177
flu,CASSQDPIQGTDTQYF,,LPRRSGAAGA,NP177
flu,CASSQDRGGVNYEQYF,,LPRRSGAAGA,NP177
flu,CASSQEAESSYEQYF,,LPRRSGAAGA,NP177
flu,CASSQEGAGPFYEQYF,,LPRRSGAAGA,NP177
flu,CASSQGAGQAYEQYF,,LPRRSGAAGA,NP177
flu,CASSQGGQHRSNEKLFF,,LPRRSGAAGA,NP177
flu,CASSQGLANTDTQYF,,LPRRSGAAGA,NP177
flu,CASSQGLGSYEQYF,,LPRRSGAAGA,NP177
flu,CASSQGPAGGSALHF,,LPRRSGAAGA,NP177
flu,CASSQSGTSTDTQYF,,LPRRSGAAGA,NP177
flu,CASSQSPGGIQYF,,LPRRSGAAGA,NP177
flu,CASSQTSGTGREQFF,,LPRRSGAAGA,NP177
flu,CASSQVDFRADRSSYNEQFF,,LPRRSGAAGA,NP177
flu,CASSQVGGDEQFF,,LPRRSGAAGA,NP177
flu,CASSQVLTGLDEQFF,,LPRRSGAAGA,NP177
flu,CASSQWAGANNEQFF,,LPRRSGAAGA,NP177
flu,CASSRDSTGELFF,,LPRRSGAAGA,NP177
flu,CASSRTTGLDGYTF,,LPRRSGAAGA,NP177
flu,CASSRTVYEQYF,,LPRRSGAAGA,NP177
flu,CASSSDPVAVTNQPQHF,,LPRRSGAAGA,NP177
flu,CASSSEEEAYGYTF,,LPRRSGAAGA,NP177
flu,CASSSERTDGASGANVLTF,,LPRRSGAAGA,NP177
flu,CASSSGDTYYEQYF,,LPRRSGAAGA,NP177
flu,CASSSGQEKLFF,,LPRRSGAAGA,NP177
flu,CASSSKPYEQYF,,LPRRSGAAGA,NP177
flu,CASSSLADQETQYF,,LPRRSGAAGA,NP177
flu,CASSSLSGYNEQFF,,LPRRSGAAGA,NP177
flu,CASSSPWGDATEAFF,,LPRRSGAAGA,NP177
flu,CASSSTASRNTGELFF,,LPRRSGAAGA,NP177
flu,CASSSVNEQFF,,LPRRSGAAGA,NP177
flu,CASSTLPNMNTEAFF,,LPRRSGAAGA,NP177
flu,CASSTTSGNTGELFF,,LPRRSGAAGA,NP177
flu,CASSTWTAPQETQYF,,LPRRSGAAGA,NP177
flu,CASSVALGVDGTDTQYF,,LPRRSGAAGA,NP177
flu,CASSVDGGGTEAFF,,LPRRSGAAGA,NP177
flu,CASSVDGSGVTYEQYF,,LPRRSGAAGA,NP177
flu,CASSVDRQPGNTIYF,,LPRRSGAAGA,NP177
flu,CASSVEQGISEAFF,,LPRRSGAAGA,NP177
flu,CASSVGGLGSTDTQYF,,LPRRSGAAGA,NP177
flu,CASSVGGSNQPQHF,,LPRRSGAAGA,NP177
flu,CASSVGVSYEQYF,,LPRRSGAAGA,NP177
flu,CASSVRDNQETQYF,,LPRRSGAAGA,NP177
flu,CASSVVSGTSGRGNEQFF,,LPRRSGAAGA,NP177
flu,CASSWETSGNTGELFF,,LPRRSGAAGA,NP177
flu,CASSWGRIYGYTF,,LPRRSGAAGA,NP177
flu,CASSWSGRAYEQYF,,LPRRSGAAGA,NP177
flu,CASSYATGSGANVLTF,,LPRRSGAAGA,NP177
flu,CASSYATGSQNIQYF,,LPRRSGAAGA,NP177
flu,CASSYGGGTYEQYF,,LPRRSGAAGA,NP177
flu,CASSYGQALLADEQFF,,LPRRSGAAGA,NP177
flu,CASSYLRAGDNEQFF,,LPRRSGAAGA,NP177
flu,CASSYPEPSIQYF,,LPRRSGAAGA,NP177
flu,CASSYSDSNYEQYF,,LPRRSGAAGA,NP177
flu,CASSYSFLVIGDNTEAFF,,LPRRSGAAGA,NP177
flu,CASSYSIGVVSEQYF,,LPRRSGAAGA,NP177
flu,CASSYSSALSNQPQHF,,LPRRSGAAGA,NP177
flu,CASSYSWPPETYEQYF,,LPRRSGAAGA,NP177
flu,CASTGGDTSYNEQFF,,LPRRSGAAGA,NP177
flu,CASTQAGMNTEAFF,,LPRRSGAAGA,NP177
flu,CATAARETQETQYF,,LPRRSGAAGA,NP177
flu,CATSETGDPYGYTF,,LPRRSGAAGA,NP177
flu,CATSPDRGGADEKLFF,,LPRRSGAAGA,NP177
flu,CATSRDRWNTEAFF,,LPRRSGAAGA,NP177
flu,CATSRGDEVGEQYF,,LPRRSGAAGA,NP177
flu,CATSRTSGEEQYF,,LPRRSGAAGA,NP177
flu,CATSRVAGEEQFF,,LPRRSGAAGA,NP177
flu,CATSYTGSANYGYTF,,LPRRSGAAGA,NP177
flu,CAWRDRVYDEKLFF,,LPRRSGAAGA,NP177
flu,CAWSGPAGLLQYF,,LPRRSGAAGA,NP177
flu,CAWSLTSGRGHEQFF,,LPRRSGAAGA,NP177
flu,CAWSSGAGRDEQFF,,LPRRSGAAGA,NP177
flu,CISVPAAGLVGGARDTQYF,,LPRRSGAAGA,NP177
flu,CSAPRYNEQFF,,LPRRSGAAGA,NP177
flu,CSARDDGTVDYGYTF,,LPRRSGAAGA,NP177
flu,CSARDFIGGNEQFF,,LPRRSGAAGA,NP177
flu,CSARDRDRGYEQYF,,LPRRSGAAGA,NP177
flu,CSARDVSLAGGPDEQYF,,LPRRSGAAGA,NP177
flu,CSARLADNEQFF,,LPRRSGAAGA,NP177
flu,CSARNYLKTNEQFF,,LPRRSGAAGA,NP177
flu,CSATSGGTLEQYF,,LPRRSGAAGA,NP177
flu,CSAVVVQKPSYEQYF,,LPRRSGAAGA,NP177
flu,CSVEDGGFPYEQYF,,LPRRSGAAGA,NP177
flu,CSVEDRVGGTAGYEQYF,,LPRRSGAAGA,NP177
flu,CSVEDTGTAQGGYEQYF,,LPRRSGAAGA,NP177
flu,CSVEVEGAASYEQYF,,LPRRSGAAGA,NP177
flu,CSVEVWDEETQYF,,LPRRSGAAGA,NP177
flu,CSVPGAGRYNEQFF,,LPRRSGAAGA,NP177
flu,CSVSGLAGGYEQYF,,LPRRSGAAGA,NP177
flu,CACTLVSTEAFF,,GILGFVFTL,M1
flu,CALERANEQFF,,GILGFVFTL,M1
flu,CAPRRGPTNEKLFF,,GILGFVFTL,M1
flu,CARSPNGGSSYNEQFF,,GILGFVFTL,M1
flu,CASATGADTEAFF,,GILGFVFTL,M1
flu,CASGGTGPWNEQFF,,GILGFVFTL,M1
flu,CASGGTRPWDEQFF,,GILGFVFTL,M1
flu,CASGLGPTYEQYF,,GILGFVFTL,M1
flu,CASGPGSSYNEQFF,,GILGFVFTL,M1
flu,CASKHASGELFF,,GILGFVFTL,M1
flu,CASMTGTEAFF,,GILGFVFTL,M1
flu,CASNPGRGNQPQHF,,GILGFVFTL,M1
flu,CASNSSGTGAYEQYF,,GILGFVFTL,M1
flu,CASPRQSPLHF,,GILGFVFTL,M1
flu,CASRGDYGYTF,,GILGFVFTL,M1
flu,CASRLGQGRRDEQFF,,GILGFVFTL,M1
flu,CASRLKDSDSQPQHF,,GILGFVFTL,M1
flu,CASRLVQGRAFYEQYF,,GILGFVFTL,M1
flu,CASRRGQGLSNQPQHF,,GILGFVFTL,M1
flu,CASRRQIAGQPQHF,,GILGFVFTL,M1
flu,CASRRRVDNEQFF,,GILGFVFTL,M1
flu,CASRSSGAFNEQFF,,GILGFVFTL,M1
flu,CASRTDRGNTGELFF,,GILGFVFTL,M1
flu,CASRTGRTEAFF,,GILGFVFTL,M1
flu,CASRVVGHPQHF,,GILGFVFTL,M1
flu,CASRWGQGPSYEQYF,,GILGFVFTL,M1
flu,CASSAANTGELFF,,GILGFVFTL,M1
flu,CASSAGDRTYEQYF,,GILGFVFTL,M1
flu,CASSALQGPSQPQHF,,GILGFVFTL,M1
flu,CASSASGGAGNEQFF,,GILGFVFTL,M1
flu,CASSDPTGRLGTEAFF,,GILGFVFTL,M1
flu,CASSDRTSGINEQFF,,GILGFVFTL,M1
flu,CASSDWTGSLGNNEQFF,,GILGFVFTL,M1
flu,CASSEGGTGGFNSHEQYF,,GILGFVFTL,M1
flu,CASSEGQGPSYEQYF,,GILGFVFTL,M1
flu,CASSELGGYNEELFF,,GILGFVFTL,M1
flu,CASSEMGKSSYEQYF,,GILGFVFTL,M1
flu,CASSEPGNRMNTEAFF,,GILGFVFTL,M1
flu,CASSEPGPGRDGYTF,,GILGFVFTL,M1
flu,CASSEWAGGGTDTQYF,,GILGFVFTL,M1
flu,CASSEWDSEPQHF,,GILGFVFTL,M1
flu,CASSFDRGGNYGYTF,,GILGFVFTL,M1
flu,CASSFLNLNNEQFF,,GILGFVFTL,M1
flu,CASSFLSADTQYF,,GILGFVFTL,M1
flu,CASSFPRTATDLYF,,GILGFVFTL,M1
flu,CASSFRGSYTF,,GILGFVFTL,M1
flu,CASSFSGLSNTEAFF,,GILGFVFTL,M1
flu,CASSFSGQNTEAFF,,GILGFVFTL,M1
flu,CASSFSGQNTEAFY,,GILGFVFTL,M1
flu,CASSFSGTANTEAFF,,GILGFVFTL,M1
flu,CASSFSSSYNEQFF,,GILGFVFTL,M1
flu,CASSFTGTSGSPYEQYF,,GILGFVFTL,M1
flu,CASSGEGVGQPQHF,,GILGFVFTL,M1
flu,CASSGRTSGRPDTQYF,,GILGFVFTL,M1
flu,CASSHGQGGQETQYF,,GILGFVFTL,M1
flu,CASSHLFLPISDGGLLRANVLTF,,GILGFVFTL,M1
flu,CASSHPGHIGQPQHF,,GILGFVFTL,M1
flu,CASSHPNPGLATGELFF,,GILGFVFTL,M1
flu,CASSHSSGGMSTEAFF,,GILGFVFTL,M1
flu,CASSHTDYSNQPQHF,,GILGFVFTL,M1
flu,CASSKIAGGPYTQYF,,GILGFVFTL,M1
flu,CASSKSSYEQYF,,GILGFVFTL,M1
flu,CASSLAASNQPQHF,,GILGFVFTL,M1
flu,CASSLAESVYEQFF,,GILGFVFTL,M1
flu,CASSLAESVYEQYF,,GILGFVFTL,M1
flu,CASSLAEVHNEQFF,,GILGFVFTL,M1
flu,CASSLAGNYGYTF,,GILGFVFTL,M1
flu,CASSLAGSSDEQFF,,GILGFVFTL,M1
flu,CASSLARDGYTF,,GILGFVFTL,M1
flu,CASSLAVTDGAEAFF,,GILGFVFTL,M1
flu,CASSLAYEQFF,,GILGFVFTL,M1
flu,CASSLDGATYNEQFF,,GILGFVFTL,M1
flu,CASSLDGRPHLEQYF,,GILGFVFTL,M1
flu,CASSLDKPGYTEAFF,,GILGFVFTL,M1
flu,CASSLDPVYRSTEAFF,,GILGFVFTL,M1
flu,CASSLDRDYGYTF,,GILGFVFTL,M1
flu,CASSLEGAGGADTQYF,,GILGFVFTL,M1
flu,CASSLETSDGETQYF,,GILGFVFTL,M1
flu,CASSLFAGGPVEQYF,,GILGFVFTL,M1
flu,CASSLGAGAYEQFF,,GILGFVFTL,M1
flu,CASSLGAYSGANVLTF,,GILGFVFTL,M1
flu,CASSLGGGAGEQETQYF,,GILGFVFTL,M1
flu,CASSLGGQAAGYGYTF,,GILGFVFTL,M1
flu,CASSLGPNRGAEQYF,,GILGFVFTL,M1
flu,CASSLGQGRRDEQFF,,GILGFVFTL,M1
flu,CASSLGQSANYGYTF,,GILGFVFTL,M1
flu,CASSLGSMQETQYF,,GILGFVFTL,M1
flu,CASSLGTGLYGYTF,,GILGFVFTL,M1
flu,CASSLGVGPGYEQYF,,GILGFVFTL,M1
flu,CASSLGVGTEAFF,,GILGFVFTL,M1
flu,CASSLHYTGENTEAFF,,GILGFVFTL,M1
flu,CASSLIAGGNNEQFF,,GILGFVFTL,M1
flu,CASSLIRQMNTEAFF,,GILGFVFTL,M1
flu,CASSLLASGFGTDTQYF,,GILGFVFTL,M1
flu,CASSLLGFSTETQYF,,GILGFVFTL,M1
flu,CASSLLPGRNTEAFF,,GILGFVFTL,M1
flu,CASSLLQGPSYEQFF,,GILGFVFTL,M1
flu,CASSLLQGPSYEQYF,,GILGFVFTL,M1
flu,CASSLNGGSSYNEQFF,,GILGFVFTL,M1
flu,CASSLNRGPADTQYF,,GILGFVFTL,M1
flu,CASSLNRGPSDTQYF,,GILGFVFTL,M1
flu,CASSLPGRNYEQYF,,GILGFVFTL,M1
flu,CASSLPTSGEETQYF,,GILGFVFTL,M1
flu,CASSLQGNYGYTF,,GILGFVFTL,M1
flu,CASSLQSVDANGYTF,,GILGFVFTL,M1
flu,CASSLRGVVSYEQFF,,GILGFVFTL,M1
flu,CASSLRSGTEDTDTQYF,,GILGFVFTL,M1
flu,CASSLRTGTNSYEQYF,,GILGFVFTL,M1
flu,CASSLSDTQYF,,GILGFVFTL,M1
flu,CASSLSGSSYEQYF,,GILGFVFTL,M1
flu,CASSLSSYNEQFF,,GILGFVFTL,M1
flu,CASSLTGGGHNSPLHF,,GILGFVFTL,M1
flu,CASSLTSGNEQFF,,GILGFVFTL,M1
flu,CASSLVAGATDTQYF,,GILGFVFTL,M1
flu,CASSLVPDRGVAGELFF,,GILGFVFTL,M1
flu,CASSLVQDGLATNEKLFF,,GILGFVFTL,M1
flu,CASSLVQGAGSTISNQPQHF,,GILGFVFTL,M1
flu,CASSLVSGMLYF,,GILGFVFTL,M1
flu,CASSLVVLAYGTDTQYF,,GILGFVFTL,M1
flu,CASSLYRGEKLFF,,GILGFVFTL,M1
flu,CASSNDNQPQHF,,GILGFVFTL,M1
flu,CASSPAELRGNTIYF,,GILGFVFTL,M1
flu,CASSPATGPREQYF,,GILGFVFTL,M1
flu,CASSPDRAITEAFF,,GILGFVFTL,M1
flu,CASSPDSDAYEQYF,,GILGFVFTL,M1
flu,CASSPDSDSYEQYF,,GILGFVFTL,M1
flu,CASSPDSYNQPQHF,,GILGFVFTL,M1
flu,CASSPEGVSYEQYF,,GILGFVFTL,M1
flu,CASSPGAVSSTDTQYF,,GILGFVFTL,M1
flu,CASSPGGAAGYTF,,GILGFVFTL,M1
flu,CASSPGLAGNNEQYF,,GILGFVFTL,M1
flu,CASSPGRDYEQYF,,GILGFVFTL,M1
flu,CASSPGTADYNEQFF,,GILGFVFTL,M1
flu,CASSPGTDIYEQYF,,GILGFVFTL,M1
flu,CASSPGTGPRTLHF,,GILGFVFTL,M1
flu,CASSPGVSVEQYF,,GILGFVFTL,M1
flu,CASSPKAGAAEAFF,,GILGFVFTL,M1
flu,CASSPKDTQYF,,GILGFVFTL,M1
flu,CASSPLLSESYNEQFF,,GILGFVFTL,M1
flu,CASSPNGGSSYNEQFF,,GILGFVFTL,M1
flu,CASSPNRGPSDTQYF,,GILGFVFTL,M1
flu,CASSPPGENYNEQFF,,GILGFVFTL,M1
flu,CASSPPSAGYNEQFF,,GILGFVFTL,M1
flu,CASSPPTLGQNYEQYF,,GILGFVFTL,M1
flu,CASSPPVPPWSEQYF,,GILGFVFTL,M1
flu,CASSPQRTAHEQYF,,GILGFVFTL,M1
flu,CASSPREFYNSPLHF,,GILGFVFTL,M1
flu,CASSPRGMSYEQYF,,GILGFVFTL,M1
flu,CASSPRQGPVEKLFF,,GILGFVFTL,M1
flu,CASSPRTSGPYNEQFF,,GILGFVFTL,M1
flu,CASSPRTSGSLSYEQYF,,GILGFVFTL,M1
flu,CASSPTGGNTEAFF,,GILGFVFTL,M1
flu,CASSPTGVYNSPLHF,,GILGFVFTL,M1
flu,CASSPVAGATTDTQYF,,GILGFVFTL,M1
flu,CASSPVLGSTEAFF,,GILGFVFTL,M1
flu,CASSPWGQTASSYNEQFF,,GILGFVFTL,M1
flu,CASSPWGQTASSYNEQYF,,GILGFVFTL,M1
flu,CASSQAGGRDEAFF,,GILGFVFTL,M1
flu,CASSQDDLEGSEAFF,,GILGFVFTL,M1
flu,CASSQDGFAYEQYF,,GILGFVFTL,M1
flu,CASSQDGGGAPGNEQFF,,GILGFVFTL,M1
flu,CASSQDGKGATYNSPLHF,,GILGFVFTL,M1
flu,CASSQDGLAPYEQYF,,GILGFVFTL,M1
flu,CASSQDKGGSNQPQHF,,GILGFVFTL,M1
flu,CASSQDLGAGTEAFF,,GILGFVFTL,M1
flu,CASSQDLPGLYF,,GILGFVFTL,M1
flu,CASSQDPAGVGYEQYF,,GILGFVFTL,M1
flu,CASSQDPHGFVANVLTF,,GILGFVFTL,M1
flu,CASSQDRGTGYNEQFF,,GILGFVFTL,M1
flu,CASSQDRLAGGLETQYF,,GILGFVFTL,M1
flu,CASSQDSSGGPYNEQFF,,GILGFVFTL,M1
flu,CASSQDTGMGNQPQHF,,GILGFVFTL,M1
flu,CASSQDTSGSSYNEQFF,,GILGFVFTL,M1
flu,CASSQEDRGPYGYTF,,GILGFVFTL,M1
flu,CASSQEMVGTEAFF,,GILGFVFTL,M1
flu,CASSQERQTILEAFF,,GILGFVFTL,M1
flu,CASSQESGTATEAFF,,GILGFVFTL,M1
flu,CASSQEVLRTDTQYF,,GILGFVFTL,M1
flu,CASSQEVQGGEKLFF,,GILGFVFTL,M1
flu,CASSQEWAQGYEQYF,,GILGFVFTL,M1
flu,CASSQGEGTEAFF,,GILGFVFTL,M1
flu,CASSQGGQGYEQYF,,GILGFVFTL,M1
flu,CASSQGGSGEDTEAFF,,GILGFVFTL,M1
flu,CASSQGLAGDLQETQYF,,GILGFVFTL,M1
flu,CASSQGNEQFF,,GILGFVFTL,M1
flu,CASSQGPGARQPQHF,,GILGFVFTL,M1
flu,CASSQGPGLLSYEQYF,,GILGFVFTL,M1
flu,CASSQGPGLLSYGQYF,,GILGFVFTL,M1
flu,CASSQGQGYYEQYF,,GILGFVFTL,M1
flu,CASSQGRGPGKYF,,GILGFVFTL,M1
flu,CASSQGRQETQYF,,GILGFVFTL,M1
flu,CASSQGSGLAGYEQYF,,GILGFVFTL,M1
flu,CASSQHYTGENTEAFF,,GILGFVFTL,M1
flu,CASSQPKGPNEKLFF,,GILGFVFTL,M1
flu,CASSQRSLSGANVLTF,,GILGFVFTL,M1
flu,CASSQRTGGADGYTF,,GILGFVFTL,M1
flu,CASSQSTGSSYEQYF,,GILGFVFTL,M1
flu,CASSQSTSGSYEQYF,,GILGFVFTL,M1
flu,CASSQTGSTDTQYF,,GILGFVFTL,M1
flu,CASSQTTGDFGYTF,,GILGFVFTL,M1
flu,CASSQVSGDEAFF,,GILGFVFTL,M1
flu,CASSQWDLQETQYF,,GILGFVFTL,M1
flu,CASSQWVITANEKLFF,,GILGFVFTL,M1
flu,CASSRDPDGDTEAFF,,GILGFVFTL,M1
flu,CASSREPNPNYGYTF,,GILGFVFTL,M1
flu,CASSRHPGGDDYNEQFF,,GILGFVFTL,M1
flu,CASSRQTEAFF,,GILGFVFTL,M1
flu,CASSRTGTYEQYF,,GILGFVFTL,M1
flu,CASSRTSDTQYF,,GILGFVFTL,M1
flu,CASSSAASNQPQHF,,GILGFVFTL,M1
flu,CASSSAGGRDEQFF,,GILGFVFTL,M1
flu,CASSSAWDYYNEQFF,,GILGFVFTL,M1
flu,CASSSGFVGPYQPQHF,,GILGFVFTL,M1
flu,CASSSGSFYEQYF,,GILGFVFTL,M1
flu,CASSSGSSYNEQFF,,GILGFVFTL,M1
flu,CASSSGTGNSGELFF,,GILGFVFTL,M1
flu,CASSSKLADQETQYF,,GILGFVFTL,M1
flu,CASSSKRGPYNEQFF,,GILGFVFTL,M1
flu,CASSSLSADTQYF,,GILGFVFTL,M1
flu,CASSSLSGLYEQYF,,GILGFVFTL,M1
flu,CASSSPGENYNEQFF,,GILGFVFTL,M1
flu,CASSSPLIAGATDTQYF,,GILGFVFTL,M1
flu,CASSSPLIAGATTDTQYF,,GILGFVFTL,M1
flu,CASSSPLIAGTIDTQYF,,GILGFVFTL,M1
flu,CASSSQTGQMSF,,GILGFVFTL,M1
flu,CASSSRIGTYGYTF,,GILGFVFTL,M1
flu,CASSSRQGPTGELFF,,GILGFVFTL,M1
flu,CASSSRTGGEQYF,,GILGFVFTL,M1
flu,CASSSSGTGAYEQYF,,GILGFVFTL,M1
flu,CASSSSNQPQHF,,GILGFVFTL,M1
flu,CASSSSSVNEQFF,,GILGFVFTL,M1
flu,CASSSTGGALDTQYF,,GILGFVFTL,M1
flu,CASSSTGTGITGELFF,,GILGFVFTL,M1
flu,CASSSVSGGAFNEQFF,,GILGFVFTL,M1
flu,CASSSVSGGAFNEQYF,,GILGFVFTL,M1
flu,CASSTRDRREKTQYF,,GILGFVFTL,M1
flu,CASSTRTGTGNTGELFF,,GILGFVFTL,M1
flu,CASSVADRGFADTQYF,,GILGFVFTL,M1
flu,CASSVAGLAGGNPNEQFF,,GILGFVFTL,M1
flu,CASSVDVSNEQFF,,GILGFVFTL,M1
flu,CASSVGLGLYEQYF,,GILGFVFTL,M1
flu,CASSVGSGTEAFF,,GILGFVFTL,M1
flu,CASSVLGVADTQYF,,GILGFVFTL,M1
flu,CASSVTSGNDEQFF,,GILGFVFTL,M1
flu,CASSWDKTYEQYF,,GILGFVFTL,M1
flu,CASSWGLAGEEQFF,,GILGFVFTL,M1
flu,CASSWGLDNEQFF,,GILGFVFTL,M1
flu,CASSWGLTYEQYF,,GILGFVFTL,M1
flu,CASSYESGAEAFF,,GILGFVFTL,M1
flu,CASSYGGYEQYF,,GILGFVFTL,M1
flu,CASSYGQNYEQYF,,GILGFVFTL,M1
flu,CASSYGTGGREQYF,,GILGFVFTL,M1
flu,CASSYGVGTEAFF,,GILGFVFTL,M1
flu,CASSYGYPAYEQYF,,GILGFVFTL,M1
flu,CASSYLAGSGNEQYF,,GILGFVFTL,M1
flu,CASSYLTGMNQPQHF,,GILGFVFTL,M1
flu,CASSYLTSGIYGEQFF,,GILGFVFTL,M1
flu,CASSYPQGHYKAFF,,GILGFVFTL,M1
flu,CASSYPTGGDQPQHF,,GILGFVFTL,M1
flu,CASSYRGGAGELFF,,GILGFVFTL,M1
flu,CASSYRGHLRDYGYTF,,GILGFVFTL,M1
flu,CASSYRGSVYNSPLHF,,GILGFVFTL,M1
flu,CASSYRRPSGILYEQYF,,GILGFVFTL,M1
flu,CASSYRVGPLHF,,GILGFVFTL,M1
flu,CASSYRVTEAFF,,GILGFVFTL,M1
flu,CASSYSEVTEAFF,,GILGFVFTL,M1
flu,CASSYSGDYNEQFF,,GILGFVFTL,M1
flu,CASSYSGGLDTEAFF,,GILGFVFTL,M1
flu,CASSYSLAAAYNEQFF,,GILGFVFTL,M1
flu,CASSYSLAGTSYEQYF,,GILGFVFTL,M1
flu,CASSYSMEAGGETQYF,,GILGFVFTL,M1
flu,CASSYSSSYNEQFF,,GILGFVFTL,M1
flu,CASSYVASGSSNYGYTF,,GILGFVFTL,M1
flu,CASTEMGREGYNEQFF,,GILGFVFTL,M1
flu,CASTEQGGFAEAFF,,GILGFVFTL,M1
flu,CASTGTANLNTEAFF,,GILGFVFTL,M1
flu,CASTGTGLNEQFF,,GILGFVFTL,M1
flu,CASTLGGGYEQYF,,GILGFVFTL,M1
flu,CASTPAGGRDEQYF,,GILGFVFTL,M1
flu,CASTPDSEIYEQYF,,GILGFVFTL,M1
flu,CASTPPGGRGYTF,,GILGFVFTL,M1
flu,CASTPSWAGGPTDTQYF,,GILGFVFTL,M1
flu,CASTQGKAKGYEQYF,,GILGFVFTL,M1
flu,CASTSWGETQCF,,GILGFVFTL,M1
flu,CASTSWGETQYF,,GILGFVFTL,M1
flu,CATDPGEGNTIYF,,GILGFVFTL,M1
flu,CATIPARSGTEAFF,,GILGFVFTL,M1
flu,CATSISGTSGSDEQFF,,GILGFVFTL,M1
flu,CATSLRTSGIIEQYF,,GILGFVFTL,M1
flu,CATSRDRLAGGIHEQYF,,GILGFVFTL,M1
flu,CATSRDRYEQYF,,GILGFVFTL,M1
flu,CATSRVPSSYNEQFF,,GILGFVFTL,M1
flu,CATSSGSRQGNNEQFF,,GILGFVFTL,M1
flu,CATSTYRVGSSDEQYF,,GILGFVFTL,M1
flu,CAWDYNRGGYTF,,GILGFVFTL,M1
flu,CAWIGLGGETQYF,,GILGFVFTL,M1
flu,CAWITEMNTEAFF,,GILGFVFTL,M1
flu,CAWMGAGQRNTIYF,,GILGFVFTL,M1
flu,CAWRGAQGYTF,,GILGFVFTL,M1
flu,CAWRGGQGQIYEQYF,,GILGFVFTL,M1
flu,CAWSAVGGGYGYTF,,GILGFVFTL,M1
flu,CAWSAVGGGYTF,,GILGFVFTL,M1
flu,CAWSDIWENYNSPLHF,,GILGFVFTL,M1
flu,CAWSEIGGGYGYTF,,GILGFVFTL,M1
flu,CAWSGGTSRGAQYF,,GILGFVFTL,M1
flu,CAWSGGTSRRTQYF,,GILGFVFTL,M1
flu,CAWSGQGYEQFF,,GILGFVFTL,M1
flu,CAWSGQGYEQYF,,GILGFVFTL,M1
flu,CAWSGVSYEQYF,,GILGFVFTL,M1
flu,CAWSLSMNTEAFF,,GILGFVFTL,M1
flu,CAWSNGGRAEAFF,,GILGFVFTL,M1
flu,CAWSPGQGGETQYF,,GILGFVFTL,M1
flu,CAWSPGQGGQETQYF,,GILGFVFTL,M1
flu,CAWSPGTGAYGYTF,,GILGFVFTL,M1
flu,CAWSPGTVSEQYF,,GILGFVFTL,M1
flu,CAWSQGASGNQPQHF,,GILGFVFTL,M1
flu,CAWSRTGATEAFF,,GILGFVFTL,M1
flu,CAWSRVGGYEQFF,,GILGFVFTL,M1
flu,CAWSRVGGYEQYF,,GILGFVFTL,M1
flu,CAWSSADTYYEQYF,,GILGFVFTL,M1
flu,CAWSSGLGNEKLFF,,GILGFVFTL,M1
flu,CAWSVAGDTDTQYF,,GILGFVFTL,M1
flu,CAWSVAGSTDTQYF,,GILGFVFTL,M1
flu,CAWSVFNRGTGYTF,,GILGFVFTL,M1
flu,CAWSVGGGGYGYTF,,GILGFVFTL,M1
flu,CAWSVGGGGYTF,,GILGFVFTL,M1
flu,CAWSVGGGYGYTF,,GILGFVFTL,M1
flu,CAWSVLGSTDTQYF,,GILGFVFTL,M1
flu,CAWSVLTDSPLHF,,GILGFVFTL,M1
flu,CAWSVPGTYSYEQYF,,GILGFVFTL,M1
flu,CAWSVSSYEQYF,,GILGFVFTL,M1
flu,CAWTPGAPGPTDTQYF,,GILGFVFTL,M1
flu,CAYSGTAPHEQYF,,GILGFVFTL,M1
flu,CSAEGGGSYEQYF,,GILGFVFTL,M1
flu,CSAFDRVYGYTF,,GILGFVFTL,M1
flu,CSAGEDWHEQYF,,GILGFVFTL,M1
flu,CSAIPGTGGRIKAFF,,GILGFVFTL,M1
flu,CSALHGSVGLNQPQHF,,GILGFVFTL,M1
flu,CSALSDEQYF,,GILGFVFTL,M1
flu,CSAPGGVNAFF,,GILGFVFTL,M1
flu,CSAPGPGGTEAFF,,GILGFVFTL,M1
flu,CSAPQLAGGTDTQYF,,GILGFVFTL,M1
flu,CSAPTSGPYNEQFF,,GILGFVFTL,M1
flu,CSAPYRVEGRIVNEQFF,,GILGFVFTL,M1
flu,CSAPYRVEGRIVNEQYF,,GILGFVFTL,M1
flu,CSAQGTGSSGANVLTF,,GILGFVFTL,M1
flu,CSARDDFGQGSYNEQFF,,GILGFVFTL,M1
flu,CSARDGLMEGAGELFF,,GILGFVFTL,M1
flu,CSARDGPGDPYEQYF,,GILGFVFTL,M1
flu,CSARDKAGEGYNEQFF,,GILGFVFTL,M1
flu,CSARDKFYRASGDSYEQYF,,GILGFVFTL,M1
flu,CSARDPGETGYEQFF,,GILGFVFTL,M1
flu,CSARDRAGEGYNEQFF,,GILGFVFTL,M1
flu,CSARDRLGEQYF,,GILGFVFTL,M1
flu,CSARDRWNSLGEQYF,,GILGFVFTL,M1
flu,CSARDSLAGAYEQYF,,GILGFVFTL,M1
flu,CSARDYAAYEQYF,,GILGFVFTL,M1
flu,CSAREKGLNYNEQFF,,GILGFVFTL,M1
flu,CSAREVYEQFF,,GILGFVFTL,M1
flu,CSARGALADFNSYEQYF,,GILGFVFTL,M1
flu,CSARIPTSGGPETQYF,,GILGFVFTL,M1
flu,CSARLTGGSGQPQHF,,GILGFVFTL,M1
flu,CSARNGEGFSYEQYF,,GILGFVFTL,M1
flu,CSARPTWDTAGEQYF,,GILGFVFTL,M1
flu,CSARPWDRALATNEKLFF,,GILGFVFTL,M1
flu,CSARTIAGEGYNEQFF,,GILGFVFTL,M1
flu,CSASPRTGGIYEQYF,,GILGFVFTL,M1
flu,CSASQPGHDSGYTF,,GILGFVFTL,M1
flu,CSASSDESSYNEQFF,,GILGFVFTL,M1
flu,CSATEGGLWEQYF,,GILGFVFTL,M1
flu,CSATHRLAGQIYNEQFF,,GILGFVFTL,M1
flu,CSAVDSNSNQPQHF,,GILGFVFTL,M1
flu,CSAVMWGTSGTQGSQYF,,GILGFVFTL,M1
flu,CSETGVSDEQFF,,GILGFVFTL,M1
flu,CSPGTSYGYTF,,GILGFVFTL,M1
flu,CSPIQDSLGYTF,,GILGFVFTL,M1
flu,CSVASGTGTNTEAFF,,GILGFVFTL,M1
flu,CSVDDRGTTEAFF,,GILGFVFTL,M1
flu,CSVDTGSPGYGYTF,,GILGFVFTL,M1
flu,CSVDTLGRGGTEAFF,,GILGFVFTL,M1
flu,CSVEDEGLTDTQYF,,GILGFVFTL,M1
flu,CSVEDISGYNEQFF,,GILGFVFTL,M1
flu,CSVEDISGYNEQYF,,GILGFVFTL,M1
flu,CSVEDLGYPTSDTQYF,,GILGFVFTL,M1
flu,CSVEDVASGSGEQFF,,GILGFVFTL,M1
flu,CSVEENGNYGYTF,,GILGFVFTL,M1
flu,CSVEENTGTGAIYEQYF,,GILGFVFTL,M1
flu,CSVEGTRGYNEQFF,,GILGFVFTL,M1
flu,CSVEHASGTYEQHF,,GILGFVFTL,M1
flu,CSVEKGTATLEQYF,,GILGFVFTL,M1
flu,CSVELASGTYEQYF,,GILGFVFTL,M1
flu,CSVETGQTQETQYF,,GILGFVFTL,M1
flu,CSVEVGRAVNTEAFF,,GILGFVFTL,M1
flu,CSVEVPPGEQFF,,GILGFVFTL,M1
flu,CSVGKSTSVPLNEQFF,,GILGFVFTL,M1
flu,CSVGSGGTNEKLFF,,GILGFVFTL,M1
flu,CSVLGTQEESYEQYF,,GILGFVFTL,M1
flu,CSVLPPDRGLNQPQHF,,GILGFVFTL,M1
flu,CSVLRYF,,GILGFVFTL,M1
flu,CSVRSGGAKNIQYF,,GILGFVFTL,M1
flu,CSVRTGRDEQYF,,GILGFVFTL,M1
flu,CSVRTNEFYEQYF,,GILGFVFTL,M1
flu,CSVSTGGFGNQPQHF,,GILGFVFTL,M1
flu,CSVVDSGKTHNEQFF,,GILGFVFTL,M1
flu,CSVVGSERRSSYNEQFF,,GILGFVFTL,M1
flu,CSVVSGKGLNTEAFF,,GILGFVFTL,M1
flu,CSVVTENNYGYTF,,GILGFVFTL,M1
flu,RASSPPGETQYF,,GILGFVFTL,M1
EBV,CAIPTDSSGNTIYF,,GLCTLVAML,BMLF1
EBV,CAISESSAQETQYF,,GLCTLVAML,BMLF1
EBV,CASGPYTGGYNEQFF,,GLCTLVAML,BMLF1
EBV,CASGQGRMKENTEAFF,,GLCTLVAML,BMLF1
EBV,CASIGQGGSPLHF,,GLCTLVAML,BMLF1
EBV,CASRDNNQPQHF,,GLCTLVAML,BMLF1
EBV,CASRDRAPSYEQYF,,GLCTLVAML,BMLF1
EBV,CASRLGETQYF,,GLCTLVAML,BMLF1
EBV,CASSAPGAGANVLTF,,GLCTLVAML,BMLF1
EBV,CASSASAGPGDTQYF,,GLCTLVAML,BMLF1
EBV,CASSDGTDQETQYF,,GLCTLVAML,BMLF1
EBV,CASSDRTYEQFF,,GLCTLVAML,BMLF1
EBV,CASSEGVDTEAFF,,GLCTLVAML,BMLF1
EBV,CASSFGATDTQYF,,GLCTLVAML,BMLF1
EBV,CASSFGGFYEQYF,,GLCTLVAML,BMLF1
EBV,CASSFRPLAAPSDEQFF,,GLCTLVAML,BMLF1
EBV,CASSFSWTEAFF,,GLCTLVAML,BMLF1
EBV,CASSFVHGYTF,,GLCTLVAML,BMLF1
EBV,CASSGLRRDRDTQYF,,GLCTLVAML,BMLF1
EBV,CASSHASNEQFF,,GLCTLVAML,BMLF1
EBV,CASSHPSEQYF,,GLCTLVAML,BMLF1
EBV,CASSHRGQIGQFF,,GLCTLVAML,BMLF1
EBV,CASSKQGSTEAFF,,GLCTLVAML,BMLF1
EBV,CASSKTGGLNQPQHF,,GLCTLVAML,BMLF1
EBV,CASSLAGTSYYNEQFF,,GLCTLVAML,BMLF1
EBV,CASSLALDRGVETQYF,,GLCTLVAML,BMLF1
EBV,CASSLAYNEQFF,,GLCTLVAML,BMLF1
EBV,CASSLDRGNTIYF,,GLCTLVAML,BMLF1
EBV,CASSLEAAPHYGYTF,,GLCTLVAML,BMLF1
EBV,CASSLELGWATNEKLFF,,GLCTLVAML,BMLF1
EBV,CASSLESGRTNTEAFF,,GLCTLVAML,BMLF1
EBV,CASSLGGGGGNQPQHF,,GLCTLVAML,BMLF1
EBV,CASSLGGGPQETQYF,,GLCTLVAML,BMLF1
EBV,CASSLGGRASTDTQYF,,GLCTLVAML,BMLF1
EBV,CASSLGGTYEQYF,,GLCTLVAML,BMLF1
EBV,CASSLGGYEQYF,,GLCTLVAML,BMLF1
EBV,CASSLGLSGTQYF,,GLCTLVAML,BMLF1
EBV,CASSLGPGKRETQYF,,GLCTLVAML,BMLF1
EBV,CASSLGQAYEQYF,,GLCTLVAML,BMLF1
EBV,CASSLKSPGVDTQYF,,GLCTLVAML,BMLF1
EBV,CASSLLGSNQPQHF,,GLCTLVAML,BMLF1
EBV,CASSLLSGTSLRVTGELFF,,GLCTLVAML,BMLF1
EBV,CASSLMLQQETQYF,,GLCTLVAML,BMLF1
EBV,CASSLPLAGYNEQFF,,GLCTLVAML,BMLF1
EBV,CASSLQGGSKYF,,GLCTLVAML,BMLF1
EBV,CASSLREKDTQYF,,GLCTLVAML,BMLF1
EBV,CASSLRRGLEQYF,,GLCTLVAML,BMLF1
EBV,CASSLSGSYYNEQFF,,GLCTLVAML,BMLF1
EBV,CASSLSQGGNSPLHF,,GLCTLVAML,BMLF1
EBV,CASSLVGGMTGYEQFF,,GLCTLVAML,BMLF1
EBV,CASSLVGQGSYEQYF,,GLCTLVAML,BMLF1
EBV,CASSLVKLGIALIETQYF,,GLCTLVAML,BMLF1
EBV,CASSLWNTEAFF,,GLCTLVAML,BMLF1
EBV,CASSPFRGGLGYGYTF,,GLCTLVAML,BMLF1
EBV,CASSPGQGAGQPQHF,,GLCTLVAML,BMLF1
EBV,CASSPHEDSDTGELFF,,GLCTLVAML,BMLF1
EBV,CASSPQTGWDTEAFF,,GLCTLVAML,BMLF1
EBV,CASSPTGGDIQYF,,GLCTLVAML,BMLF1
EBV,CASSPWVSGDTQYF,,GLCTLVAML,BMLF1
EBV,CASSQAGLEAYNEQFF,,GLCTLVAML,BMLF1
EBV,CASSQAGQGAYEQYF,,GLCTLVAML,BMLF1
EBV,CASSQDLTGPTDTQYF,,GLCTLVAML,BMLF1
EBV,CASSQDRTGVRNIQYF,,GLCTLVAML,BMLF1
EBV,CASSQDSSGGLGEQFF,,GLCTLVAML,BMLF1
EBV,CASSQELAGAYNEQFF,,GLCTLVAML,BMLF1
EBV,CASSQERGGKWAYEQYF,,GLCTLVAML,BMLF1
EBV,CASSQERGNEQFF,,GLCTLVAML,BMLF1
EBV,CASSQSPGGEQFF,,GLCTLVAML,BMLF1
EBV,CASSQSPGGEQYF,,GLCTLVAML,BMLF1
EBV,CASSQSPGGLTFF,,GLCTLVAML,BMLF1
EBV,CASSQSPGGTQYF,,GLCTLVAML,BMLF1
EBV,CASSQSPGGVQYF,,GLCTLVAML,BMLF1
EBV,CASSQVGLGRGSQYF,,GLCTLVAML,BMLF1
EBV,CASSRDRSYNEQFF,,GLCTLVAML,BMLF1
EBV,CASSRDSGGNEQFF,,GLCTLVAML,BMLF1
EBV,CASSRTGQGQETQYF,,GLCTLVAML,BMLF1
EBV,CASSSGGNEQFF,,GLCTLVAML,BMLF1
EBV,CASSSGLQETQYF,,GLCTLVAML,BMLF1
EBV,CASSSLAGDLGEQYF,,GLCTLVAML,BMLF1
EBV,CASSSQGASEQFF,,GLCTLVAML,BMLF1
EBV,CASSSRWVGGSSYEQYF,,GLCTLVAML,BMLF1
EBV,CASSSSTGDDYTF,,GLCTLVAML,BMLF1
EBV,CASSTGTGSAGYTF,,GLCTLVAML,BMLF1
EBV,CASSTQAQETQYF,,GLCTLVAML,BMLF1
EBV,CASSTTSGARIGNEQFF,,GLCTLVAML,BMLF1
EBV,CASSVAGGDEQFF,,GLCTLVAML,BMLF1
EBV,CASSVLRTSGSYNEQFF,,GLCTLVAML,BMLF1
EBV,CASSVRGRGTQTDTQYF,,GLCTLVAML,BMLF1
EBV,CASSVSGQSFYNEQFF,,GLCTLVAML,BMLF1
EBV,CASSVVGGDEQYF,,GLCTLVAML,BMLF1
EBV,CASSVVGGNEQFF,,GLCTLVAML,BMLF1
EBV,CASSVVGNEQFF,,GLCTLVAML,BMLF1
EBV,CASSVVGNEQYF,,GLCTLVAML,BMLF1
EBV,CASSYEDGRYNEQFF,,GLCTLVAML,BMLF1
EBV,CASSYRGDRPEAFF,,GLCTLVAML,BMLF1
EBV,CASSYRLHEKLFF,,GLCTLVAML,BMLF1
EBV,CASSYSASGGEQFF,,GLCTLVAML,BMLF1
EBV,CASSYSPGNEQYF,,GLCTLVAML,BMLF1
EBV,CASSYSPGPITDTQYF,,GLCTLVAML,BMLF1
EBV,CASTLTTDPYEQYF,,GLCTLVAML,BMLF1
EBV,CAWEDRYNEQFF,,GLCTLVAML,BMLF1
EBV,CAWGDRGGYGYTF,,GLCTLVAML,BMLF1
EBV,CAWNREGSALTTQYF,,GLCTLVAML,BMLF1
EBV,CAWRHRDRGSEQFF,,GLCTLVAML,BMLF1
EBV,CAWSVAVEQYF,,GLCTLVAML,BMLF1
EBV,CAWSVWDRGYEQYF,,GLCTLVAML,BMLF1
EBV,CSADRTGSYEQYF,,GLCTLVAML,BMLF1
EBV,CSAGTEGTNEKLFF,,GLCTLVAML,BMLF1
EBV,CSAGTGGTNEKLFF,,GLCTLVAML,BMLF1
EBV,CSAIPQGTPYNEQFF,,GLCTLVAML,BMLF1
EBV,CSAMNAGLPPNIQYF,,GLCTLVAML,BMLF1
EBV,CSARAGVGNTIYF,,GLCTLVAML,BMLF1
EBV,CSARDGTGNGYTF,,GLCTLVAML,BMLF1
EBV,CSARDQTGNGYTF,,GLCTLVAML,BMLF1
EBV,CSARDRVGNTIYF,,GLCTLVAML,BMLF1
EBV,CSARGDGGRLGTDTQYF,,GLCTLVAML,BMLF1
EBV,CSARIEVGNTIYF,,GLCTLVAML,BMLF1
EBV,CSARLGVGNTIYF,,GLCTLVAML,BMLF1
EBV,CSARNPGSGYTF,,GLCTLVAML,BMLF1
EBV,CSARSETGNTIYF,,GLCTLVAML,BMLF1
EBV,CSARTPPGNTIYF,,GLCTLVAML,BMLF1
EBV,CSARTSGTYEQYF,,GLCTLVAML,BMLF1
EBV,CSARVGVGNTIYF,,GLCTLVAML,BMLF1
EBV,CSAYPGPNYGEQYF,,GLCTLVAML,BMLF1
EBV,CSGEDQETQYF,,GLCTLVAML,BMLF1
EBV,CSGGQGETQYF,,GLCTLVAML,BMLF1
EBV,CSVAEMNTEAFF,,GLCTLVAML,BMLF1
EBV,CSVEGTSGRGEQFF,,GLCTLVAML,BMLF1
EBV,CSVGRDGTNEKLFF,,GLCTLVAML,BMLF1
EBV,CSVGTGGTNEKLFF,,GLCTLVAML,BMLF1
EBV,CSYAAGVNEQFF,,GLCTLVAML,BMLF1
EBV,CSYAAGVNEQYF,,GLCTLVAML,BMLF1
EBV,CACAPGQGYEQYF,,GLCTLVAML,BMLF1
EBV,CANSLSGDYGYTF,,GLCTLVAML,BMLF1
EBV,CASGGHNEQFF,,GLCTLVAML,BMLF1
EBV,CASGLGTSGGVGELFF,,GLCTLVAML,BMLF1
EBV,CASGRRYNEQFF,,GLCTLVAML,BMLF1
EBV,CASIQMARETDEQFF,,GLCTLVAML,BMLF1
EBV,CASRGEEGTQYF,,GLCTLVAML,BMLF1
EBV,CASRGSGELFF,,GLCTLVAML,BMLF1
EBV,CASRLDTAAYEQYF,,GLCTLVAML,BMLF1
EBV,CASRLGTDHEQYF,,GLCTLVAML,BMLF1
EBV,CASRPGQGVYEQYF,,GLCTLVAML,BMLF1
EBV,CASRPTGGAGGTDTQYF,,GLCTLVAML,BMLF1
EBV,CASRRTTGANTEAFF,,GLCTLVAML,BMLF1
EBV,CASRSASNEQFF,,GLCTLVAML,BMLF1
EBV,CASSAAGAVETQYF,,GLCTLVAML,BMLF1
EBV,CASSAGTPLYYGYTF,,GLCTLVAML,BMLF1
EBV,CASSALDTQYF,,GLCTLVAML,BMLF1
EBV,CASSAPGQNYGYTF,,GLCTLVAML,BMLF1
EBV,CASSASGKGVTGELFF,,GLCTLVAML,BMLF1
EBV,CASSDRAPEAFF,,GLCTLVAML,BMLF1
EBV,CASSDRTDTQYF,,GLCTLVAML,BMLF1
EBV,CASSEDRYTSTDTQYF,,GLCTLVAML,BMLF1
EBV,CASSEIARPRAFF,,GLCTLVAML,BMLF1
EBV,CASSFAGGKDYGYTF,,GLCTLVAML,BMLF1
EBV,CASSFFTGDGEQYF,,GLCTLVAML,BMLF1
EBV,CASSFGATDTQYF,,GLCTLVAML,BMLF1
EBV,CASSFGGNEQYF,,GLCTLVAML,BMLF1
EBV,CASSFGPNTEAFF,,GLCTLVAML,BMLF1
EBV,CASSFGPTAYEQYF,,GLCTLVAML,BMLF1
EBV,CASSFGQGLSGANVLTF,,GLCTLVAML,BMLF1
EBV,CASSFGQGNTEAFF,,GLCTLVAML,BMLF1
EBV,CASSFGVAGGASRHEQYF,,GLCTLVAML,BMLF1
EBV,CASSFKGQPYTGELFF,,GLCTLVAML,BMLF1
EBV,CASSFPPYNEQFF,,GLCTLVAML,BMLF1
EBV,CASSFQGTEAFF,,GLCTLVAML,BMLF1
EBV,CASSFSETSTDTQYF,,GLCTLVAML,BMLF1
EBV,CASSFTEDEQFF,,GLCTLVAML,BMLF1
EBV,CASSFTGKGYNEQFF,,GLCTLVAML,BMLF1
EBV,CASSGEQGDGYTF,,GLCTLVAML,BMLF1
EBV,CASSGGQGNTEAFF,,GLCTLVAML,BMLF1
EBV,CASSGQDGYTF,,GLCTLVAML,BMLF1
EBV,CASSGTSSPYEQYF,,GLCTLVAML,BMLF1
EBV,CASSHGGADTQYF,,GLCTLVAML,BMLF1
EBV,CASSHPEGGTGELFF,,GLCTLVAML,BMLF1
EBV,CASSHPYTGELFF,,GLCTLVAML,BMLF1
EBV,CASSHSGGARNTIYF,,GLCTLVAML,BMLF1
EBV,CASSIDQRSSYEQYF,,GLCTLVAML,BMLF1
EBV,CASSISSLNNQPQHF,,GLCTLVAML,BMLF1
EBV,CASSKREIRSTGTLRYEQYF,,GLCTLVAML,BMLF1
EBV,CASSLAGQRTDTQYF,,GLCTLVAML,BMLF1
EBV,CASSLALDSAGEQYF,,GLCTLVAML,BMLF1
EBV,CASSLAPGQGAEEQYF,,GLCTLVAML,BMLF1
EBV,CASSLDIGVSEAFF,,GLCTLVAML,BMLF1
EBV,CASSLDTDTQYF,,GLCTLVAML,BMLF1
EBV,CASSLDTWTGELFF,,GLCTLVAML,BMLF1
EBV,CASSLEAGGGYLEKLFF,,GLCTLVAML,BMLF1
EBV,CASSLEANTEAFF,,GLCTLVAML,BMLF1
EBV,CASSLEDRVIGKRDNEQFF,,GLCTLVAML,BMLF1
EBV,CASSLEKVDTIYF,,GLCTLVAML,BMLF1
EBV,CASSLEWDLAGTQYF,,GLCTLVAML,BMLF1
EBV,CASSLFSGGLNEQFF,,GLCTLVAML,BMLF1
EBV,CASSLGAAITGTF,,GLCTLVAML,BMLF1
EBV,CASSLGAYEQYF,,GLCTLVAML,BMLF1
EBV,CASSLGGEETQYF,,GLCTLVAML,BMLF1
EBV,CASSLGGPFNEQFF,,GLCTLVAML,BMLF1
EBV,CASSLGGPYEQYF,,GLCTLVAML,BMLF1
EBV,CASSLGLAGARGSSYNEQFF,,GLCTLVAML,BMLF1
EBV,CASSLGQGEAFF,,GLCTLVAML,BMLF1
EBV,CASSLGTGEQYF,,GLCTLVAML,BMLF1
EBV,CASSLGVAYGGEDTEAFF,,GLCTLVAML,BMLF1
EBV,CASSLHNEQFF,,GLCTLVAML,BMLF1
EBV,CASSLLAGGPNYNEQFF,,GLCTLVAML,BMLF1
EBV,CASSLLGLPGSEQYF,,GLCTLVAML,BMLF1
EBV,CASSLLQGRQPQHF,,GLCTLVAML,BMLF1
EBV,CASSLLSGTSLRVTGELFF,,GLCTLVAML,BMLF1
EBV,CASSLPQGEQYF,,GLCTLVAML,BMLF1
EBV,CASSLRASPRTEAFF,,GLCTLVAML,BMLF1
EBV,CASSLRGTETEAFF,,GLCTLVAML,BMLF1
EBV,CASSLRPQQDSSYNEQFF,,GLCTLVAML,BMLF1
EBV,CASSLSGDYGYTF,,GLCTLVAML,BMLF1
EBV,CASSLSGNEQYF,,GLCTLVAML,BMLF1
EBV,CASSLSLGRIDGYTF,,GLCTLVAML,BMLF1
EBV,CASSLSPSASYEQYF,,GLCTLVAML,BMLF1
EBV,CASSLSRGPYNEQFF,,GLCTLVAML,BMLF1
EBV,CASSLVGGSGISTDTQYF,,GLCTLVAML,BMLF1
EBV,CASSLVQGYEQYF,,GLCTLVAML,BMLF1
EBV,CASSLVRGGNEQFF,,GLCTLVAML,BMLF1
EBV,CASSLVRNYEQYF,,GLCTLVAML,BMLF1
EBV,CASSNGQGAVGEQFF,,GLCTLVAML,BMLF1
EBV,CASSPAPGSTTYEQYF,,GLCTLVAML,BMLF1
EBV,CASSPGGASGRSNEQFF,,GLCTLVAML,BMLF1
EBV,CASSPGGAYNSPLHF,,GLCTLVAML,BMLF1
EBV,CASSPGGGGYTF,,GLCTLVAML,BMLF1
EBV,CASSPGLAGANEQFF,,GLCTLVAML,BMLF1
EBV,CASSPGPYTLNTGELFF,,GLCTLVAML,BMLF1
EBV,CASSPGQGGTDTQYF,,GLCTLVAML,BMLF1
EBV,CASSPGTSGREKETQYF,,GLCTLVAML,BMLF1
EBV,CASSPGYEQYF,,GLCTLVAML,BMLF1
EBV,CASSPIMNTEAFF,,GLCTLVAML,BMLF1
EBV,CASSPKTSGTSYEQYF,,GLCTLVAML,BMLF1
EBV,CASSPLRVAEPQETQYF,,GLCTLVAML,BMLF1
EBV,CASSPNPAYEQYF,,GLCTLVAML,BMLF1
EBV,CASSPNRVGDQPQHF,,GLCTLVAML,BMLF1
EBV,CASSPPGQGIYGYTF,,GLCTLVAML,BMLF1
EBV,CASSPRAGVNQPQHF,,GLCTLVAML,BMLF1
EBV,CASSPRANPGELFF,,GLCTLVAML,BMLF1
EBV,CASSPRGDTQYF,,GLCTLVAML,BMLF1
EBV,CASSPRGGAGTDTQYF,,GLCTLVAML,BMLF1
EBV,CASSPRQGTETQYF,,GLCTLVAML,BMLF1
EBV,CASSPRTDLGEQYF,,GLCTLVAML,BMLF1
EBV,CASSPTGGPPSYEQYF,,GLCTLVAML,BMLF1
EBV,CASSPTPGPQFF,,GLCTLVAML,BMLF1
EBV,CASSPTSGGYEQYF,,GLCTLVAML,BMLF1
EBV,CASSPVGAASSYEQYF,,GLCTLVAML,BMLF1
EBV,CASSQAGSREQYF,,GLCTLVAML,BMLF1
EBV,CASSQAKNTEAFF,,GLCTLVAML,BMLF1
EBV,CASSQARLYQETQYF,,GLCTLVAML,BMLF1
EBV,CASSQDDRVEKLFF,,GLCTLVAML,BMLF1
EBV,CASSQDGGNEQFF,,GLCTLVAML,BMLF1
EBV,CASSQDGGSPYEQYF,,GLCTLVAML,BMLF1
EBV,CASSQDGLALRETQYF,,GLCTLVAML,BMLF1
EBV,CASSQDGSGGHTEQFF,,GLCTLVAML,BMLF1
EBV,CASSQDGSGGLGEQFF,,GLCTLVAML,BMLF1
EBV,CASSQDGSGGLGEQYF,,GLCTLVAML,BMLF1
EBV,CASSQDGTSGKETQYF,,GLCTLVAML,BMLF1
EBV,CASSQDRGGNTIYF,,GLCTLVAML,BMLF1
EBV,CASSQDRNRRVSPLHF,,GLCTLVAML,BMLF1
EBV,CASSQDRTDGNTIYF,,GLCTLVAML,BMLF1
EBV,CASSQEIPYEQFF,,GLCTLVAML,BMLF1
EBV,CASSQEIPYEQYF,,GLCTLVAML,BMLF1
EBV,CASSQEPGLVGGELFF,,GLCTLVAML,BMLF1
EBV,CASSQEQGPTNEKLFF,,GLCTLVAML,BMLF1
EBV,CASSQGARGPFF,,GLCTLVAML,BMLF1
EBV,CASSQGASDTQYF,,GLCTLVAML,BMLF1
EBV,CASSQGGGPAAFF,,GLCTLVAML,BMLF1
EBV,CASSQGLAGANEQFF,,GLCTLVAML,BMLF1
EBV,CASSQGQGGNQPQHF,,GLCTLVAML,BMLF1
EBV,CASSQGQGGYEQYF,,GLCTLVAML,BMLF1
EBV,CASSQGTAYGYTF,,GLCTLVAML,BMLF1
EBV,CASSQKTGKNTEAFF,,GLCTLVAML,BMLF1
EBV,CASSQLAGVETQYF,,GLCTLVAML,BMLF1
EBV,CASSQLAVSYNEQFF,,GLCTLVAML,BMLF1
EBV,CASSQLTGGVHEQYF,,GLCTLVAML,BMLF1
EBV,CASSQPQYSGANVLTF,,GLCTLVAML,BMLF1
EBV,CASSQQQGPSGYTF,,GLCTLVAML,BMLF1
EBV,CASSQRDLSSGNTIYF,,GLCTLVAML,BMLF1
EBV,CASSQRGVQETQYF,,GLCTLVAML,BMLF1
EBV,CASSQRIALGDGNQPQHF,,GLCTLVAML,BMLF1
EBV,CASSQSGNTEAFF,,GLCTLVAML,BMLF1
EBV,CASSQSPGGTQYF,,GLCTLVAML,BMLF1
EBV,CASSQVLDTEAFF,,GLCTLVAML,BMLF1
EBV,CASSQVLRGPSSYNEQFF,,GLCTLVAML,BMLF1
EBV,CASSQVSGLAGGQNTGELFF,,GLCTLVAML,BMLF1
EBV,CASSQVSPVVLDRDNEQFF,,GLCTLVAML,BMLF1
EBV,CASSRLGGRNQPQHF,,GLCTLVAML,BMLF1
EBV,CASSRPGQGDTEAFF,,GLCTLVAML,BMLF1
EBV,CASSRPTGNTEAFF,,GLCTLVAML,BMLF1
EBV,CASSRQGGGGNQPQHF,,GLCTLVAML,BMLF1
EBV,CASSRRPGLGETQYF,,GLCTLVAML,BMLF1
EBV,CASSRTGMGETQYF,,GLCTLVAML,BMLF1
EBV,CASSSFCGRSYEQYF,,GLCTLVAML,BMLF1
EBV,CASSSGGLSSGNTIYF,,GLCTLVAML,BMLF1
EBV,CASSSGLATGSYEQYF,,GLCTLVAML,BMLF1
EBV,CASSSGTGDYEQYF,,GLCTLVAML,BMLF1
EBV,CASSSGTSGSVETQYF,,GLCTLVAML,BMLF1
EBV,CASSSKGLVESTTEQFF,,GLCTLVAML,BMLF1
EBV,CASSSLGGDEQFF,,GLCTLVAML,BMLF1
EBV,CASSSLRVETQYF,,GLCTLVAML,BMLF1
EBV,CASSSPHRGRFEQYF,,GLCTLVAML,BMLF1
EBV,CASSSPPGVVEQYF,,GLCTLVAML,BMLF1
EBV,CASSSQLWREEIEQFF,,GLCTLVAML,BMLF1
EBV,CASSSRGTYEQYF,,GLCTLVAML,BMLF1
EBV,CASSSSPTLPPDTQYF,,GLCTLVAML,BMLF1
EBV,CASSSTATYEQYF,,GLCTLVAML,BMLF1
EBV,CASSSTDEATEAFF,,GLCTLVAML,BMLF1
EBV,CASSSTETGTEAFF,,GLCTLVAML,BMLF1
EBV,CASSSTGLNTEAFF,,GLCTLVAML,BMLF1
EBV,CASSSTGNTNTGELFF,,GLCTLVAML,BMLF1
EBV,CASSSTGTDDTDTQYF,,GLCTLVAML,BMLF1
EBV,CASSSTGYEQYF,,GLCTLVAML,BMLF1
EBV,CASSSTSVQETQYF,,GLCTLVAML,BMLF1
EBV,CASSTGVRSYEQYF,,GLCTLVAML,BMLF1
EBV,CASSTHTDTQYF,,GLCTLVAML,BMLF1
EBV,CASSTLPRQGPQETQYF,,GLCTLVAML,BMLF1
EBV,CASSTPSNNEQFF,,GLCTLVAML,BMLF1
EBV,CASSVGPQETQYF,,GLCTLVAML,BMLF1
EBV,CASSVNPGGNTEAFF,,GLCTLVAML,BMLF1
EBV,CASSWDSSYNEQFF,,GLCTLVAML,BMLF1
EBV,CASSWGAGQPQHF,,GLCTLVAML,BMLF1
EBV,CASSYGGPLEEQYF,,GLCTLVAML,BMLF1
EBV,CASSYGREAFF,,GLCTLVAML,BMLF1
EBV,CASSYRDRENIQYF,,GLCTLVAML,BMLF1
EBV,CASSYRDSYEQYF,,GLCTLVAML,BMLF1
EBV,CASSYRNTIYF,,GLCTLVAML,BMLF1
EBV,CASSYSEGYEQYF,,GLCTLVAML,BMLF1
EBV,CASSYSGTGAYEQYF,,GLCTLVAML,BMLF1
EBV,CASSYTGGTTDTQYF,,GLCTLVAML,BMLF1
EBV,CASTGGLAGGRTTQETQYF,,GLCTLVAML,BMLF1
EBV,CASTIGGGETQYF,,GLCTLVAML,BMLF1
EBV,CASTLAQGSQTEAFF,,GLCTLVAML,BMLF1
EBV,CASTLGGDWGGQETQYF,,GLCTLVAML,BMLF1
EBV,CASTLGGNTGELFF,,GLCTLVAML,BMLF1
EBV,CASTPHREPGELFF,,GLCTLVAML,BMLF1
EBV,CASTQILRTGTNTQYF,,GLCTLVAML,BMLF1
EBV,CATSRDVIGSNEQFF,,GLCTLVAML,BMLF1
EBV,CATSRGQSYGYTF,,GLCTLVAML,BMLF1
EBV,CATSRLLSEQYF,,GLCTLVAML,BMLF1
EBV,CATSRVNPQETQYF,,GLCTLVAML,BMLF1
EBV,CATSTFAGELFF,,GLCTLVAML,BMLF1
EBV,CATTGSAYGYTF,,GLCTLVAML,BMLF1
EBV,CAWSATSSNQPQHF,,GLCTLVAML,BMLF1
EBV,CAWSGLVSGGNEQYF,,GLCTLVAML,BMLF1
EBV,CAWSMDRDFYGYTF,,GLCTLVAML,BMLF1
EBV,CSADAFF,,GLCTLVAML,BMLF1
EBV,CSARDGTGNGYTF,,GLCTLVAML,BMLF1
EBV,CSARDQTGNGYTF,,GLCTLVAML,BMLF1
EBV,CSARDRIGNGYTF,,GLCTLVAML,BMLF1
EBV,CSARDRVGNTIYF,,GLCTLVAML,BMLF1
EBV,CSARDSTGNGYTF,,GLCTLVAML,BMLF1
EBV,CSAREGLQRDNEQFF,,GLCTLVAML,BMLF1
EBV,CSARGQAPYEQYF,,GLCTLVAML,BMLF1
EBV,CSARLGVGNTIYF,,GLCTLVAML,BMLF1
EBV,CSARLQGENTIYF,,GLCTLVAML,BMLF1
EBV,CSARNPGLAGVGETQYF,,GLCTLVAML,BMLF1
EBV,CSARSETGNTIYF,,GLCTLVAML,BMLF1
EBV,CSAVETGNEQFF,,GLCTLVAML,BMLF1
EBV,CSGWDTSGEQYF,,GLCTLVAML,BMLF1
EBV,CSVDEGSDTQYF,,GLCTLVAML,BMLF1
EBV,CSVDGGTTNTGELFF,,GLCTLVAML,BMLF1
EBV,CSVEDRAGWTQYF,,GLCTLVAML,BMLF1
EBV,CSVEGPAGGPYEQYF,,GLCTLVAML,BMLF1
EBV,CSVEPPETQYF,,GLCTLVAML,BMLF1
EBV,CSVEREGGYTF,,GLCTLVAML,BMLF1
EBV,CSVESVAENEQFF,,GLCTLVAML,BMLF1
EBV,CSVEVARAYEQYF,,GLCTLVAML,BMLF1
EBV,CSVGGRGDGYTF,,GLCTLVAML,BMLF1
EBV,CSVGGSFYGYTF,,GLCTLVAML,BMLF1
EBV,CSVGTSAYEQFF,,GLCTLVAML,BMLF1
EBV,CSVVVSSYEQYF,,GLCTLVAML,BMLF1
EBV,CANSPTSSTTSYEQYF,,GLCTLVAML,BMLF1
EBV,CANSQSPGGTQYF,,GLCTLVAML,BMLF1
EBV,CARSHSPGGTQYF,,GLCTLVAML,BMLF1
EBV,CARSQYPAGTQYF,,GLCTLVAML,BMLF1
EBV,CARSRGAVEQFF,,GLCTLVAML,BMLF1
EBV,CASCQSPGGTQYF,,GLCTLVAML,BMLF1
EBV,CASDRANEQFF,,GLCTLVAML,BMLF1
EBV,CASFGGGGRNTEAFF,,GLCTLVAML,BMLF1
EBV,CASGQGIAEAFF,,GLCTLVAML,BMLF1
EBV,CASGTGTGELFF,,GLCTLVAML,BMLF1
EBV,CASKDPGWFLAFF,,GLCTLVAML,BMLF1
EBV,CASMKYEAFF,,GLCTLVAML,BMLF1
EBV,CASNQSPGGTQYF,,GLCTLVAML,BMLF1
EBV,CASRLRRAGGDRELFF,,GLCTLVAML,BMLF1
EBV,CASRPRRAEGDRELFF,,GLCTLVAML,BMLF1
EBV,CASRPRRAGGDQELFF,,GLCTLVAML,BMLF1
EBV,CASRPRRAGGDRELFF,,GLCTLVAML,BMLF1
EBV,CASRPRRAGGDRELLF,,GLCTLVAML,BMLF1
EBV,CASRPRRAGGDRGLFF,,GLCTLVAML,BMLF1
EBV,CASRPRRAGGDRKLFF,,GLCTLVAML,BMLF1
EBV,CASRQSPGGTQYF,,GLCTLVAML,BMLF1
EBV,CASSAGTGGYEQYF,,GLCTLVAML,BMLF1
EBV,CASSDIYEQYF,,GLCTLVAML,BMLF1
EBV,CASSDSQNEQFF,,GLCTLVAML,BMLF1
EBV,CASSDSQNEQYF,,GLCTLVAML,BMLF1
EBV,CASSDSSTDTQYF,,GLCTLVAML,BMLF1
EBV,CASSEETGEGGHEQFF,,GLCTLVAML,BMLF1
EBV,CASSEETGEGGHEQYF,,GLCTLVAML,BMLF1
EBV,CASSEFFPSAPYEQYF,,GLCTLVAML,BMLF1
EBV,CASSEGQVAPGEQYF,,GLCTLVAML,BMLF1
EBV,CASSERQGADTQYF,,GLCTLVAML,BMLF1
EBV,CASSEVGSYNSPLHF,,GLCTLVAML,BMLF1
EBV,CASSEYPGYYGYTF,,GLCTLVAML,BMLF1
EBV,CASSFGTDRSGNTIYF,,GLCTLVAML,BMLF1
EBV,CASSFHRVMNTEAFF,,GLCTLVAML,BMLF1
EBV,CASSFNNEQFF,,GLCTLVAML,BMLF1
EBV,CASSFRWRERDTQYF,,GLCTLVAML,BMLF1
EBV,CASSFSGSTDTQYF,,GLCTLVAML,BMLF1
EBV,CASSGAGGGSPDTQYF,,GLCTLVAML,BMLF1
EBV,CASSGRQAYGYTF,,GLCTLVAML,BMLF1
EBV,CASSGWTGPNTEAFF,,GLCTLVAML,BMLF1
EBV,CASSHSPGGTQYF,,GLCTLVAML,BMLF1
EBV,CASSIDFTANTEAFF,,GLCTLVAML,BMLF1
EBV,CASSIDGTAYEQYF,,GLCTLVAML,BMLF1
EBV,CASSIDRVLGRTGELFF,,GLCTLVAML,BMLF1
EBV,CASSILAAGELFF,,GLCTLVAML,BMLF1
EBV,CASSILGNSPLHF,,GLCTLVAML,BMLF1
EBV,CASSISGPSNQPQHF,,GLCTLVAML,BMLF1
EBV,CASSKSSSSYEQYF,,GLCTLVAML,BMLF1
EBV,CASSLAIGELFF,,GLCTLVAML,BMLF1
EBV,CASSLAWGQLSGYTF,,GLCTLVAML,BMLF1
EBV,CASSLDGTGYNEQFF,,GLCTLVAML,BMLF1
EBV,CASSLEGTAWSDTQYF,,GLCTLVAML,BMLF1
EBV,CASSLEGTGYYEQYF,,GLCTLVAML,BMLF1
EBV,CASSLIGRGPNTGELFF,,GLCTLVAML,BMLF1
EBV,CASSLLGGSLYEQYF,,GLCTLVAML,BMLF1
EBV,CASSLLTLGGADTQYF,,GLCTLVAML,BMLF1
EBV,CASSLMGREPNTGELFF,,GLCTLVAML,BMLF1
EBV,CASSLMGRGPKTGELFF,,GLCTLVAML,BMLF1
EBV,CASSLMGRGPNNGELFF,,GLCTLVAML,BMLF1
EBV,CASSLMGRGPNTGELFF,,GLCTLVAML,BMLF1
EBV,CASSLMGRGPNTGELLF,,GLCTLVAML,BMLF1
EBV,CASSLMGRGPNTGELVF,,GLCTLVAML,BMLF1
EBV,CASSLMGRGPNTGEPFF,,GLCTLVAML,BMLF1
EBV,CASSLMGRGPNTGGLFF,,GLCTLVAML,BMLF1
EBV,CASSLMGRGPNTGVLFF,,GLCTLVAML,BMLF1
EBV,CASSLMGRGPSTGELFF,,GLCTLVAML,BMLF1
EBV,CASSLMTGRETQYF,,GLCTLVAML,BMLF1
EBV,CASSLQGYLLNQPQHF,,GLCTLVAML,BMLF1
EBV,CASSLRDGGLNYGYTF,,GLCTLVAML,BMLF1
EBV,CASSLRSGGLNYGYTF,,GLCTLVAML,BMLF1
EBV,CASSLSGQEIDTQHF,,GLCTLVAML,BMLF1
EBV,CASSLSGQETDTQYF,,GLCTLVAML,BMLF1
EBV,CASSLSGTGNTEAFF,,GLCTLVAML,BMLF1
EBV,CASSLTDPCEQYF,,GLCTLVAML,BMLF1
EBV,CASSLTDPHEQYF,,GLCTLVAML,BMLF1
EBV,CASSLTDPYEQFF,,GLCTLVAML,BMLF1
EBV,CASSLTDPYEQHF,,GLCTLVAML,BMLF1
EBV,CASSLTDPYEQNF,,GLCTLVAML,BMLF1
EBV,CASSLTDPYEQYF,,GLCTLVAML,BMLF1
EBV,CASSLTDPYEQYL,,GLCTLVAML,BMLF1
EBV,CASSLTDPYEQYS,,GLCTLVAML,BMLF1
EBV,CASSLTDSYEQYF,,GLCTLVAML,BMLF1
EBV,CASSLTGAGTDTQYF,,GLCTLVAML,BMLF1
EBV,CASSLTNPYEQYF,,GLCTLVAML,BMLF1
EBV,CASSLTRRGNQPQHF,,GLCTLVAML,BMLF1
EBV,CASSLVLQETQYF,,GLCTLVAML,BMLF1
EBV,CASSLWRLGKAYEQYF,,GLCTLVAML,BMLF1
EBV,CASSPDGRVEQYF,,GLCTLVAML,BMLF1
EBV,CASSPDRGNQPQHF,,GLCTLVAML,BMLF1
EBV,CASSPEGRAGLYNEQFF,,GLCTLVAML,BMLF1
EBV,CASSPEVTSGGHEQYF,,GLCTLVAML,BMLF1
EBV,CASSPGGLSRGEAFF,,GLCTLVAML,BMLF1
EBV,CASSPGTGTYNEQFF,,GLCTLVAML,BMLF1
EBV,CASSPGTVSSNQPQHF,,GLCTLVAML,BMLF1
EBV,CASSPILGVEQYF,,GLCTLVAML,BMLF1
EBV,CASSPLEYSYEQYF,,GLCTLVAML,BMLF1
EBV,CASSPLVRGRFSNQPQHF,,GLCTLVAML,BMLF1
EBV,CASSPLVWGRFSNQPQHF,,GLCTLVAML,BMLF1
EBV,CASSPPRRETTNEKLFF,,GLCTLVAML,BMLF1
EBV,CASSPQRGGPTDTQYF,,GLCTLVAML,BMLF1
EBV,CASSPTGTRSYGYTF,,GLCTLVAML,BMLF1
EBV,CASSPTSSTHSYEQYF,,GLCTLVAML,BMLF1
EBV,CASSPTSSTPSYAQYF,,GLCTLVAML,BMLF1
EBV,CASSPTSSTTSYEQHF,,GLCTLVAML,BMLF1
EBV,CASSPTSSTTSYEQYF,,GLCTLVAML,BMLF1
EBV,CASSPWGGGTEAFF,,GLCTLVAML,BMLF1
EBV,CASSQAFRGGYEQYF,,GLCTLVAML,BMLF1
EBV,CASSQDFQGGYEQYF,,GLCTLVAML,BMLF1
EBV,CASSQDFRGGYAQYF,,GLCTLVAML,BMLF1
EBV,CASSQDFRGGYEQDF,,GLCTLVAML,BMLF1
EBV,CASSQDFRGGYEQHF,,GLCTLVAML,BMLF1
EBV,CASSQDFRGGYEQYF,,GLCTLVAML,BMLF1
EBV,CASSQDFRGGYEQYL,,GLCTLVAML,BMLF1
EBV,CASSQDFRGGYEQYS,,GLCTLVAML,BMLF1
EBV,CASSQDSGNNEQFF,,GLCTLVAML,BMLF1
EBV,CASSQEGPPGRNYEQYF,,GLCTLVAML,BMLF1
EBV,CASSQFPGGTQYF,,GLCTLVAML,BMLF1
EBV,CASSQGAGELFF,,GLCTLVAML,BMLF1
EBV,CASSQGHGPFNQPQHF,,GLCTLVAML,BMLF1
EBV,CASSQGHGPFNQPQRF,,GLCTLVAML,BMLF1
EBV,CASSQGVLTEAFF,,GLCTLVAML,BMLF1
EBV,CASSQIGGSDYGYTF,,GLCTLVAML,BMLF1
EBV,CASSQLAQGRGAYNEQFF,,GLCTLVAML,BMLF1
EBV,CASSQLIPGLLYGYAF,,GLCTLVAML,BMLF1
EBV,CASSQLIPGLLYGYTF,,GLCTLVAML,BMLF1
EBV,CASSQLIPGLLYGYTL,,GLCTLVAML,BMLF1
EBV,CASSQLIPGLLYGYTY,,GLCTLVAML,BMLF1
EBV,CASSQPPGGTQYF,,GLCTLVAML,BMLF1
EBV,CASSQQLRVINTEAFF,,GLCTLVAML,BMLF1
EBV,CASSQSLGGTQYF,,GLCTLVAML,BMLF1
EBV,CASSQSPDGTQYF,,GLCTLVAML,BMLF1
EBV,CASSQSPGDTQYF,,GLCTLVAML,BMLF1
EBV,CASSQSPGGAQYF,,GLCTLVAML,BMLF1
EBV,CASSQSPGGFQFF,,GLCTLVAML,BMLF1
EBV,CASSQSPGGKQYF,,GLCTLVAML,BMLF1
EBV,CASSQSPGGMQYF,,GLCTLVAML,BMLF1
EBV,CASSQSPGGPQYF,,GLCTLVAML,BMLF1
EBV,CASSQSPGGTPYF,,GLCTLVAML,BMLF1
EBV,CASSQSPGGTQHF,,GLCTLVAML,BMLF1
EBV,CASSQSPGGTQNF,,GLCTLVAML,BMLF1
EBV,CASSQSPGGTQSF,,GLCTLVAML,BMLF1
EBV,CASSQSPGGTQYF,,GLCTLVAML,BMLF1
EBV,CASSQSPGGTQYL,,GLCTLVAML,BMLF1
EBV,CASSQSPGGTQYS,,GLCTLVAML,BMLF1
EBV,CASSQSPGGTRYF,,GLCTLVAML,BMLF1
EBV,CASSQSPGSTQYF,,GLCTLVAML,BMLF1
EBV,CASSQSPSGTQYF,,GLCTLVAML,BMLF1
EBV,CASSQSPVGTQYF,,GLCTLVAML,BMLF1
EBV,CASSQSSGGTQYF,,GLCTLVAML,BMLF1
EBV,CASSRGHALDQPQHF,,GLCTLVAML,BMLF1
EBV,CASSRQAPWGRDTEAFF,,GLCTLVAML,BMLF1
EBV,CASSSGAGEANEQFF,,GLCTLVAML,BMLF1
EBV,CASSSGAGEANEQYF,,GLCTLVAML,BMLF1
EBV,CASSSGNNEQFF,,GLCTLVAML,BMLF1
EBV,CASSSGRASGANVLTF,,GLCTLVAML,BMLF1
EBV,CASSSGRDSAANVLTF,,GLCTLVAML,BMLF1
EBV,CASSSGRDSGANVLTF,,GLCTLVAML,BMLF1
EBV,CASSSGRDSGANVLTL,,GLCTLVAML,BMLF1
EBV,CASSSKTGAYEQYF,,GLCTLVAML,BMLF1
EBV,CASSSPARAYGYTF,,GLCTLVAML,BMLF1
EBV,CASSSTGAGTDTQYF,,GLCTLVAML,BMLF1
EBV,CASSSTGEGTDTQDF,,GLCTLVAML,BMLF1
EBV,CASSSTSSTTSYEQYF,,GLCTLVAML,BMLF1
EBV,CASSTGLAGGLETQYF,,GLCTLVAML,BMLF1
EBV,CASSTTSSTTSYEQYF,,GLCTLVAML,BMLF1
EBV,CASSYGGRGYTF,,GLCTLVAML,BMLF1
EBV,CASSYLLSYEQYF,,GLCTLVAML,BMLF1
EBV,CASSYPLGLGGTEAFF,,GLCTLVAML,BMLF1
EBV,CASSYRDGKGNTIYF,,GLCTLVAML,BMLF1
EBV,CASSYSSLAGLNTEAFF,,GLCTLVAML,BMLF1
EBV,CASSYYDGYGYTF,,GLCTLVAML,BMLF1
EBV,CASTEGTVAPGTQYF,,GLCTLVAML,BMLF1
EBV,CASTPALGAKQYF,,GLCTLVAML,BMLF1
EBV,CASTPVTRGFEKLFF,,GLCTLVAML,BMLF1
EBV,CATGTSRVYEQYF,,GLCTLVAML,BMLF1
EBV,CATRQGNQPQHF,,GLCTLVAML,BMLF1
EBV,CATSDPGTTLQYF,,GLCTLVAML,BMLF1
EBV,CATSRDGSGGASGELFF,,GLCTLVAML,BMLF1
EBV,CATSRERGGGGETQYF,,GLCTLVAML,BMLF1
EBV,CATSRTEGLSEQYF,,GLCTLVAML,BMLF1
EBV,CATSRVKAFRDTQYF,,GLCTLVAML,BMLF1
EBV,CATSSASGRGSDTQYF,,GLCTLVAML,BMLF1
EBV,CATSSASGSGSDTQYF,,GLCTLVAML,BMLF1
EBV,CATSSASGSTDTQYF,,GLCTLVAML,BMLF1
EBV,CATSSPQRGGPTDTQYF,,GLCTLVAML,BMLF1
EBV,CATSYGTGEEEAFF,,GLCTLVAML,BMLF1
EBV,CATVVLLLARGEEGTDTQYF,,GLCTLVAML,BMLF1
EBV,CAWIPTERQTYGYTF,,GLCTLVAML,BMLF1
EBV,CAWSPIAGGRNEQFF,,GLCTLVAML,BMLF1
EBV,CAWSRAAVEQFF,,GLCTLVAML,BMLF1
EBV,CAWSRGAAEQFF,,GLCTLVAML,BMLF1
EBV,CAWSRGAVEPFF,,GLCTLVAML,BMLF1
EBV,CAWSRGAVEQFF,,GLCTLVAML,BMLF1
EBV,CAWSRGAVEQFL,,GLCTLVAML,BMLF1
EBV,CAWSRGAVEQLF,,GLCTLVAML,BMLF1
EBV,CAWSRGAVEQVF,,GLCTLVAML,BMLF1
EBV,CAWSRGAVEQYF,,GLCTLVAML,BMLF1
EBV,CAWSRRAVEQFF,,GLCTLVAML,BMLF1
EBV,CAWSTVTYEQYF,,GLCTLVAML,BMLF1
EBV,CAWSVIGPYEPYF,,GLCTLVAML,BMLF1
EBV,CAWSVIGPYEQYF,,GLCTLVAML,BMLF1
EBV,CAWTLAGRDNGELFF,,GLCTLVAML,BMLF1
EBV,CAWTLAGRDTGELFF,,GLCTLVAML,BMLF1
EBV,CAWTLAGRETGELFF,,GLCTLVAML,BMLF1
EBV,CNARGQAITEKLFF,,GLCTLVAML,BMLF1
EBV,CRARGQAITEKLFF,,GLCTLVAML,BMLF1
EBV,CRVDGFRTENNQPQHF,,GLCTLVAML,BMLF1
EBV,CSADPGLGGTDTQYF,,GLCTLVAML,BMLF1
EBV,CSAFLSTFFTEAFF,,GLCTLVAML,BMLF1
EBV,CSAKGQAITEKLFF,,GLCTLVAML,BMLF1
EBV,CSARAGADTEAFF,,GLCTLVAML,BMLF1
EBV,CSARAGVGNTIYF,,GLCTLVAML,BMLF1
EBV,CSARDKTGNGYTF,,GLCTLVAML,BMLF1
EBV,CSARDRDRSLATEAFF,,GLCTLVAML,BMLF1
EBV,CSARDRGIGNTIYF,,GLCTLVAML,BMLF1
EBV,CSARDRVGNGYTF,,GLCTLVAML,BMLF1
EBV,CSARDRVGNTIYF,,GLCTLVAML,BMLF1
EBV,CSARDSVGNGYTF,,GLCTLVAML,BMLF1
EBV,CSARDTGLDTGELFF,,GLCTLVAML,BMLF1
EBV,CSAREQAITEKLFF,,GLCTLVAML,BMLF1
EBV,CSARFPPGNTIYF,,GLCTLVAML,BMLF1
EBV,CSARGGPGEVGNTIYF,,GLCTLVAML,BMLF1
EBV,CSARGQAITAKLFF,,GLCTLVAML,BMLF1
EBV,CSARGQAITDKLFF,,GLCTLVAML,BMLF1
EBV,CSARGQAITEKLCF,,GLCTLVAML,BMLF1
EBV,CSARGQAITEKLFC,,GLCTLVAML,BMLF1
EBV,CSARGQAITEKLFF,,GLCTLVAML,BMLF1
EBV,CSARGQAITEKLFL,,GLCTLVAML,BMLF1
EBV,CSARGQAITEKLFS,,GLCTLVAML,BMLF1
EBV,CSARGQAITEKLFV,,GLCTLVAML,BMLF1
EBV,CSARGQAITEKLLF,,GLCTLVAML,BMLF1
EBV,CSARGQAITEKLSF,,GLCTLVAML,BMLF1
EBV,CSARGQAITEKPFF,,GLCTLVAML,BMLF1
EBV,CSARGQAITEKRFF,,GLCTLVAML,BMLF1
EBV,CSARGQAITENLFF,,GLCTLVAML,BMLF1
EBV,CSARGQAITEQLFF,,GLCTLVAML,BMLF1
EBV,CSARGQATTEKLFF,,GLCTLVAML,BMLF1
EBV,CSARGQDITEKLFF,,GLCTLVAML,BMLF1
EBV,CSARGQTITEKLFF,,GLCTLVAML,BMLF1
EBV,CSARIGVGNGYTF,,GLCTLVAML,BMLF1
EBV,CSARLIAGPTSYEQYF,,GLCTLVAML,BMLF1
EBV,CSARSGVGNTIYF,,GLCTLVAML,BMLF1
EBV,CSARSRPVGNTIYF,,GLCTLVAML,BMLF1
EBV,CSARTGVGNTIYF,,GLCTLVAML,BMLF1
EBV,CSARVGVGNTIYF,,GLCTLVAML,BMLF1
EBV,CSASEGYGYTF,,GLCTLVAML,BMLF1
EBV,CSASPISPTGAYEQYF,,GLCTLVAML,BMLF1
EBV,CSATWGEGSSPLHF,,GLCTLVAML,BMLF1
EBV,CSGMRLLFFSYEQYF,,GLCTLVAML,BMLF1
EBV,CSGMRLLFSSYEQYF,,GLCTLVAML,BMLF1
EBV,CSTRGQAITEKLFF,,GLCTLVAML,BMLF1
EBV,CSVDGTNTGELFF,,GLCTLVAML,BMLF1
EBV,CSVEDAGGNQPQHF,,GLCTLVAML,BMLF1
EBV,CSVEDFYNEQFF,,GLCTLVAML,BMLF1
EBV,CSVEDFYNEQFL,,GLCTLVAML,BMLF1
EBV,CSVEDFYNEQFS,,GLCTLVAML,BMLF1
EBV,CSVEDFYNEQLF,,GLCTLVAML,BMLF1
EBV,CSVEDFYNEQSF,,GLCTLVAML,BMLF1
EBV,CSVEGFQTENNQPQHF,,GLCTLVAML,BMLF1
EBV,CSVEGFRTEKNQPQHF,,GLCTLVAML,BMLF1
EBV,CSVEGFRTENKQPQHF,,GLCTLVAML,BMLF1
EBV,CSVEGFRTENNQPQHC,,GLCTLVAML,BMLF1
EBV,CSVEGFRTENNQPQHF,,GLCTLVAML,BMLF1
EBV,CSVEGFRTENNQPQHL,,GLCTLVAML,BMLF1
EBV,CSVEGFRTENNQPQHV,,GLCTLVAML,BMLF1
EBV,CSVEGSRTENNQPQHF,,GLCTLVAML,BMLF1
EBV,CSVESLGAPKSSGNTIYF,,GLCTLVAML,BMLF1
EBV,CSVGAGGTNEKLFF,,GLCTLVAML,BMLF1
EBV,CSVGGSFYGYTF,,GLCTLVAML,BMLF1
EBV,CSVGQGGTNEKLFF,,GLCTLVAML,BMLF1
EBV,CSVGSGGTNEKLFF,,GLCTLVAML,BMLF1
EBV,CSVGTGGTNEKLFF,,GLCTLVAML,BMLF1
EBV,CTSSQSPGGTQYF,,GLCTLVAML,BMLF1
flu,CASSLAGGSNQPQHF,,GILGFVFTL,M1
flu,CASSLAPLSTDTQYF,,GILGFVFTL,M1
flu,CASSLEGETQYF,,GILGFVFTL,M1
flu,CASSLIKVQPQHF,,GILGFVFTL,M1
flu,CASSLVSAHEQYF,,GILGFVFTL,M1
flu,CASSPLDTKQQFF,,GILGFVFTL,M1
flu,CASSQGVSGVYEQYF,,GILGFVFTL,M1
flu,CAWSVLPEAFF,,GILGFVFTL,M1
CMV,CASSARQGIDTGELFF,,TPRVTGGGAM,pp65
CMV,CASSFRDRGHYEQYF,,TPRVTGGGAM,pp65
CMV,CASSLIGIGETDTQYF,,TPRVTGGGAM,pp65
CMV,CASSTHDRDGGGSAQHF,,TPRVTGGGAM,pp65
CMV,CSGRSKGAVNEKLFF,,TPRVTGGGAM,pp65
CMV,CASSLIGVSSYNEQFF,,TPRVTGGGAM,pp65
flu,CASSFGTGWSDEQFF,,LPRRSGAAGA,NP177
flu,CASSGEEYEQYF,,LPRRSGAAGA,NP177
flu,CASSHRDLGYEQYF,,LPRRSGAAGA,NP177
flu,CASSLAGQGSPYEQYF,,LPRRSGAAGA,NP177
flu,CASSLAIASYNEQFF,,LPRRSGAAGA,NP177
flu,CASSLGAGGTDTQYF,,LPRRSGAAGA,NP177
flu,CASSLGQGLAEETQYF,,LPRRSGAAGA,NP177
flu,CASSLGTILHF,,LPRRSGAAGA,NP177
flu,CASSLISSDTQYF,,LPRRSGAAGA,NP177
flu,CASSLLEIHEQYF,,LPRRSGAAGA,NP177
flu,CASSLLTGNTEAFF,,LPRRSGAAGA,NP177
flu,CASSLRGHSYEQYF,,LPRRSGAAGA,NP177
flu,CASSLVGAGGSYEQYF,,LPRRSGAAGA,NP177
flu,CASSQDLGEQYF,,LPRRSGAAGA,NP177
flu,CASSQVGKQMNTEAFF,,LPRRSGAAGA,NP177
flu,CASSSAGGRTDTQYF,,LPRRSGAAGA,NP177
flu,CASSSGRVYEQYF,,LPRRSGAAGA,NP177
flu,CASSTGLTEAFF,,LPRRSGAAGA,NP177
flu,CASSYLQGFNSPLHF,,LPRRSGAAGA,NP177
flu,CASSYREKADTQYF,,LPRRSGAAGA,NP177
flu,CAWASNPDEQFF,,LPRRSGAAGA,NP177
flu,CAWQDRWASHNEQFF,,LPRRSGAAGA,NP177
flu,CAWSGGQNEQFF,,LPRRSGAAGA,NP177
flu,CAWSSGRPHSNYEQYF,,LPRRSGAAGA,NP177
flu,CAWSVGGGLETQYF,,LPRRSGAAGA,NP177
flu,CAWSVVGNEQFF,,LPRRSGAAGA,NP177
flu,CAYRQAGELFF,,LPRRSGAAGA,NP177
flu,CSARDLLGTSETQYF,,LPRRSGAAGA,NP177
flu,CASSLAGQGSPYEQYF,,LPRRSGAAGA,NP177
flu,CASSLIGVSSYNEQFF,,LPRRSGAAGA,NP177
flu,CASSSGTSVNDEQFF,,LPRRSGAAGA,NP177
flu,CAWSDRGLVDTQYF,,LPRRSGAAGA,NP177
flu,CAWSGDGGTEAFF,,LPRRSGAAGA,NP177
CMV,CGLITGATEAFF,,TPRVTGGGAM,pp65
flu,CASSGDHSYEQYF,,LPRRSGAAGA,NP177
flu,CASSHSYSGLAAQETQYF,,LPRRSGAAGA,NP177
flu,CSAISGSGGVGDTQYF,,GILGFVFTL,M1
flu,CASSQERGGKWAYEQYF,,GILGFVFTL,M1
flu,CASSPLDTKQQFF,,GILGFVFTL,M1
CMV,CASSPGTGTYGYTF,,VTEHDTLLY,pp50
CMV,CASSVGQGVTYEQYF,,VTEHDTLLY,pp50
CMV,CASSVRGQGNYGYTF,,VTEHDTLLY,pp50
CMV,CASSVRQGVTYEQYF,,VTEHDTLLY,pp50
CMV,CASSVVHGVTYEQYF,,VTEHDTLLY,pp50
flu,CAISVGVDEQFF,,CTELKLSDY,NP44
flu,CASIDSGAATDTQYF,,CTELKLSDY,NP44
flu,CASSAGTGKTQYF,,CTELKLSDY,NP44
flu,CASSEDRLARTEAFF,,CTELKLSDY,NP44
flu,CASSFEGLLSTDTQYF,,CTELKLSDY,NP44
flu,CASSFRQGSDTGELFF,,CTELKLSDY,NP44
flu,CASSLALRQESREQYF,,CTELKLSDY,NP44
flu,CASSLGRQGPSTDTQYF,,CTELKLSDY,NP44
flu,CASSLTGFKETQYF,,CTELKLSDY,NP44
flu,CASSQGEGQFF,,CTELKLSDY,NP44
flu,CASSQGRASSGNTIYF,,CTELKLSDY,NP44
flu,CASSYGTIYEQYF,,CTELKLSDY,NP44
flu,CASSYSGDEKLFF,,CTELKLSDY,NP44
flu,CASTGGNEQFF,,CTELKLSDY,NP44
flu,CATSRERWGEYEQYF,,CTELKLSDY,NP44
flu,CASSLERSRRPYEAFF,,CTELKLSDY,NP44
flu,CASSPGLAGVYEQYF,,CTELKLSDY,NP44
CMV,CASRLAGGGGEQFF,,VTEHDTLLY,pp50
CMV,CATSSLSGRVTGELFF,,VTEHDTLLY,pp50
CMV,CSVRTGGLGANVLTF,,VTEHDTLLY,pp50
flu,CASSYSSSSYNEQFF,,CTELKLSDY,NP44
CMV,CASSKENNNRPYEQYF,,VTEHDTLLY,pp50
CMV,CASSQDRVGTIFYGYTF,,VTEHDTLLY,pp50
CMV,CASSQERGGKWAYEQYF,,VTEHDTLLY,pp50
CMV,CASSQQGPEQFF,,VTEHDTLLY,pp50
CMV,CASSVGQGKTYEQYF,,VTEHDTLLY,pp50
CMV,CATHRAGGFNEQFF,,VTEHDTLLY,pp50
CMV,CACSLRSQGTDTQYF,,NLVPMVATV,pp65
CMV,CASSAWDRSSGANVLTF,,NLVPMVATV,pp65
CMV,CASSELGGAGTGELFF,,NLVPMVATV,pp65
CMV,CASSETGATNYGYTGF,,NLVPMVATV,pp65
CMV,CASSFLQVTEAFF,,NLVPMVATV,pp65
CMV,CASSFQGYTEAFF,,NLVPMVATV,pp65
CMV,CASSFQTGASYGYTF,,NLVPMVATV,pp65
CMV,CASSLAPGATNEKLFF,,NLVPMVATV,pp65
CMV,CASSLEGYTEAFF,,NLVPMVATV,pp65
CMV,CASSLFVGGPGNEQFF,,NLVPMVATV,pp65
CMV,CASSLQTGATFNYGYTF,,NLVPMVATV,pp65
CMV,CASSPKLQGAWAEKLFF,,NLVPMVATV,pp65
CMV,CASSPPAGSYNEQFF,,NLVPMVATV,pp65
CMV,CASSPQTGTIYGYTGF,,NLVPMVATV,pp65
CMV,CASSPVAGGAYNEQFF,,NLVPMVATV,pp65
CMV,CASSPVTGGIYGYTGF,,NLVPMVATV,pp65
CMV,CASSPWTGTLNTEAFF,,NLVPMVATV,pp65
CMV,CASSQDPFAVLNTEAFF,,NLVPMVATV,pp65
CMV,CASSSAFYGYTF,,NLVPMVATV,pp65
CMV,CASSSAHYGYTF,,NLVPMVATV,pp65
CMV,CASSSANYGYTF,,NLVPMVATV,pp65
CMV,CASSVGLPYEQYF,,NLVPMVATV,pp65
CMV,CASSYQTGAGGYGYTGF,,NLVPMVATV,pp65
CMV,CASSYSTGAGETQYF,,NLVPMVATV,pp65
CMV,CASSYVTGTGSYGYTG,,NLVPMVATV,pp65
CMV,CASTGTSGALYNEQFF,,NLVPMVATV,pp65
CMV,CATSDLKVHSGNYGYTF,,NLVPMVATV,pp65
CMV,CAWSSRDSMTDTQYF,,NLVPMVATV,pp65
CMV,CAWSSRGQMTDTQYF,,NLVPMVATV,pp65
CMV,CAWSVSDLAKNIQYF,,NLVPMVATV,pp65
CMV,CSAFSGAAFVTDTQYF,,NLVPMVATV,pp65
EBV,CASSEGRVSPGELFF,,GLCTLVAML,BMLF1
EBV,CSARDGTGNGYTF,,GLCTLVAML,BMLF1
EBV,CSARDQTGNGYTF,,GLCTLVAML,BMLF1
EBV,CSARDRIGNGYTF,,GLCTLVAML,BMLF1
EBV,CSARDRTGNGYTF,,GLCTLVAML,BMLF1
EBV,CSARDRVGNTIYF,,GLCTLVAML,BMLF1
EBV,CSARIGVGNTIYF,,GLCTLVAML,BMLF1
EBV,CSARSGVGNTIYF,,GLCTLVAML,BMLF1
EBV,CSARVGVGNTIYF,,GLCTLVAML,BMLF1
EBV,CSSQEGGYGYTF,,GLCTLVAML,BMLF1
EBV,CSVGTGGTNEKLFF,,GLCTLVAML,BMLF1
EBV,CSARAGVGNTIYF,,GLCTLVAML,BMLF1
EBV,CSVRGQGDEQFF,,GLCTLVAML,BMLF1
EBV,CASSSGELSAGELFF,,GLCTLVAML,BMLF1
EBV,CSVGSGGTNEKLFF,,GLCTLVAML,BMLF1
EBV,CSVGTGGTNEKLFF,,GLCTLVAML,BMLF1
CMV,CASSFQGYTEAFF,,NLVPMVATV,pp65
EBV,CASSEGNVAPGELFF,,GLCTLVAML,BMLF1
EBV,CASSQSPGGTQYF,,GLCTLVAML,BMLF1
EBV,CSARDRIGNGYTF,,GLCTLVAML,BMLF1
EBV,CSARLGVGNTIYF,,GLCTLVAML,BMLF1
EBV,CSVGTGGTNEKLFF,,GLCTLVAML,BMLF1
CMV,CASSLFGGFTEAFF,,NLVPMVATV,pp65
EBV,CASSQSPGGTQYF,,GLCTLVAML,BMLF1
CMV,CASSPHRNTEAFF,,TPRVTGGGAM,pp65
CMV,CASSPSRNTEAFF,,TPRVTGGGAM,pp65
CMV,CASSPYRNTEAFF,,TPRVTGGGAM,pp65
EBV,CASGQSPGGTQYF,,GLCTLVAML,BMLF1
EBV,CASSQSPGGTQYF,,GLCTLVAML,BMLF1
EBV,CASSRSPGGTQYF,,GLCTLVAML,BMLF1
EBV,CSARDRVGNTIYF,,GLCTLVAML,BMLF1
EBV,CSARGQVGNTIYF,,GLCTLVAML,BMLF1
EBV,CSARSGVGNTIYF,,GLCTLVAML,BMLF1
EBV,CSARVGVGNTIYF,,GLCTLVAML,BMLF1
CMV,CASSFWDRVSGANVLTF,,NLVPMVATV,pp65
CMV,CASSSVTGTGNYGYTF,,NLVPMVATV,pp65
CMV,CSARDVLAGGSDTQYF,,NLVPMVATV,pp65
CMV,CASKQGAGGNTEAFF,,NLVPMVATV,pp65
CMV,CASKWGPANPEAFF,,NLVPMVATV,pp65
CMV,CASQGTAATNTGELFF,,NLVPMVATV,pp65
CMV,CASRGLSGLTEAFF,,NLVPMVATV,pp65
CMV,CASSLEQHTEAFF,,NLVPMVATV,pp65
CMV,CASSSRQGADTGELFF,,NLVPMVATV,pp65
CMV,CASSYQTGAAYGYTF,,NLVPMVATV,pp65
flu,CASSIRSSYEQYF,,GILGFVFTL,M1
flu,CASSSRSSYEQYF,,GILGFVFTL,M1
flu,CASSTRGAYEQYF,,GILGFVFTL,M1
flu,CSVLQGSPYEQYF,,GILGFVFTL,M1
EBV,CASSAWEGAEAFF,,GLCTLVAML,BMLF1
EBV,CASSEDAGLSYNEQFF,,GLCTLVAML,BMLF1
EBV,CASSGEQLLPGELFF,,GLCTLVAML,BMLF1
EBV,CASSGGQLAPGELFF,,GLCTLVAML,BMLF1
EBV,CASSGRVLPGELFF,,GLCTLVAML,BMLF1
EBV,CASSGVQLLPGELFF,,GLCTLVAML,BMLF1
EBV,CASSLAEQGGELFF,,GLCTLVAML,BMLF1
EBV,CASSLTLQRVGTGELFF,,GLCTLVAML,BMLF1
EBV,CASSNADTPLQETQYF,,GLCTLVAML,BMLF1
EBV,CASSPLIGTPPGEQFF,,GLCTLVAML,BMLF1
EBV,CASSQSPGGTQYF,,GLCTLVAML,BMLF1
EBV,CASSQSPGGVAFF,,GLCTLVAML,BMLF1
EBV,CASSVGNEQFF,,GLCTLVAML,BMLF1
EBV,CASSVISLGYGYTF,,GLCTLVAML,BMLF1
EBV,CASSYGGISSYEQYF,,GLCTLVAML,BMLF1
EBV,CASSYPEVAPSEQFF,,GLCTLVAML,BMLF1
EBV,CASSYTRVNEQFF,,GLCTLVAML,BMLF1
EBV,CASSYWVGDTDTQYF,,GLCTLVAML,BMLF1
EBV,CASSYWVGRRDTQYF,,GLCTLVAML,BMLF1
EBV,CSARDDGVNTEAFF,,GLCTLVAML,BMLF1
EBV,CSARDGNREWLHF,,GLCTLVAML,BMLF1
EBV,CSARDPYRASNQPQHF,,GLCTLVAML,BMLF1
EBV,CSARDRGSGNTIYF,,GLCTLVAML,BMLF1
EBV,CSARDRHREWLHF,,GLCTLVAML,BMLF1
EBV,CSARGLVESSYNEQFF,,GLCTLVAML,BMLF1
EBV,CSARVGVGNTIYF,,GLCTLVAML,BMLF1
EBV,CSGTGGTNEKLFF,,GLCTLVAML,BMLF1
EBV,CSPGTDLYEQYF,,GLCTLVAML,BMLF1
EBV,CSVVGTSLYNEQFF,,GLCTLVAML,BMLF1
EBV,CASSPGDTLLTDTQYF,,GLCTLVAML,BMLF1
EBV,CASSQSPGGFQYF,,GLCTLVAML,BMLF1
EBV,CASSSGSGGYYNEQFF,,GLCTLVAML,BMLF1
EBV,CSAQGVGGQTYNEQFF,,GLCTLVAML,BMLF1
EBV,CSARVRSDRDVGNTIYF,,GLCTLVAML,BMLF1
EBV,CSASIFRDLTHNEQFF,,GLCTLVAML,BMLF1
CMV,CASSGVGGWDEQYF,,NLVPMVATV,pp65
CMV,CASSPTTGTGHYGYTF,,NLVPMVATV,pp65
CMV,CASSPVTGTGHYGYTF,,NLVPMVATV,pp65
CMV,CASSYQTGTGNYGYTF,,NLVPMVATV,pp65
CMV,CASSYQTGTGVYGYTF,,NLVPMVATV,pp65
CMV,CAWVPTGTGGTEAFF,,NLVPMVATV,pp65
CMV,CASSFRDYGNYEQYF,,TPRVTGGGAM,pp65
CMV,CASSHDYRGRRSPLHF,,TPRVTGGGAM,pp65
CMV,CASSLIGEGTGWHQYF,,TPRVTGGGAM,pp65
CMV,CASSLRDRGSYEQYF,,TPRVTGGGAM,pp65
CMV,CASSLVGVGLLLNEQYF,,TPRVTGGGAM,pp65
CMV,CASSNRDRGDYEQYF,,TPRVTGGGAM,pp65
CMV,CASSSHDREGGSSPLHF,,TPRVTGGGAM,pp65
CMV,CASSSHDRQGASSPLHF,,TPRVTGGGAM,pp65
CMV,CASSSHDTGGYNSPLHF,,TPRVTGGGAM,pp65
CMV,CASSSRDLGEYEQYF,,TPRVTGGGAM,pp65
CMV,CASSSRDRGPHGQYF,,TPRVTGGGAM,pp65
CMV,CASSSRDRGSYEQYF,,TPRVTGGGAM,pp65
CMV,CASSTHDIQGLGSPLHF,,TPRVTGGGAM,pp65
EBV,CASGRTNTEAFF,,GLCTLVAML,BMLF1
EBV,CASNEGAGFNYGYTF,,GLCTLVAML,BMLF1
EBV,CASSAGEVFPGELFF,,GLCTLVAML,BMLF1
EBV,CASSDGELLPNEQFF,,GLCTLVAML,BMLF1
EBV,CASSDGKLAPGELFF,,GLCTLVAML,BMLF1
EBV,CASSDGRVAPGELFF,,GLCTLVAML,BMLF1
EBV,CASSEGQVAPGELFF,,GLCTLVAML,BMLF1
EBV,CASSIDGAAYEQYF,,GLCTLVAML,BMLF1
EBV,CASSIDGTAYEQYF,,GLCTLVAML,BMLF1
EBV,CASSIDRGLINEQFF,,GLCTLVAML,BMLF1
EBV,CASSIMGGNYEQYF,,GLCTLVAML,BMLF1
EBV,CASSINGTAYEQYF,,GLCTLVAML,BMLF1
EBV,CASSIPRTGTAYEQYF,,GLCTLVAML,BMLF1
EBV,CASSISGTGYEQYF,,GLCTLVAML,BMLF1
EBV,CASSPPAESYEQYF,,GLCTLVAML,BMLF1
EBV,CASSQSDSGYEQYF,,GLCTLVAML,BMLF1
EBV,CASSQSPGATQYF,,GLCTLVAML,BMLF1
EBV,CASSQSPGGIQYF,,GLCTLVAML,BMLF1
EBV,CASSQSPGGLETF,,GLCTLVAML,BMLF1
EBV,CASSQSPGGQQFF,,GLCTLVAML,BMLF1
EBV,CASSQSPGGTQYF,,GLCTLVAML,BMLF1
EBV,CASSQTPGGTQYF,,GLCTLVAML,BMLF1
EBV,CASSSGTARYEQYF,,GLCTLVAML,BMLF1
EBV,CASSVDGTAYEQYF,,GLCTLVAML,BMLF1
flu,CASALRSSYEQYF,,GILGFVFTL,M1
flu,CASGRTNIEAFF,,GILGFVFTL,M1
flu,CASGRTNTEAFF,,GILGFVFTL,M1
flu,CASSALAGPTYNEQFF,,GILGFVFTL,M1
flu,CASSFGTSPYNEQFF,,GILGFVFTL,M1
flu,CASSFRSAYEQYF,,GILGFVFTL,M1
flu,CASSGRSTDTQYF,,GILGFVFTL,M1
flu,CASSIDGTAYEQYF,,GILGFVFTL,M1
flu,CASSIETTSGSSYNEQFF,,GILGFVFTL,M1
flu,CASSIGIYGYTF,,GILGFVFTL,M1
flu,CASSIGTGEQFF,,GILGFVFTL,M1
flu,CASSIRAAYEQYF,,GILGFVFTL,M1
flu,CASSIRPADTQYF,,GILGFVFTL,M1
flu,CASSIRSADTQYF,,GILGFVFTL,M1
flu,CASSIRSAYEQYF,,GILGFVFTL,M1
flu,CASSIRSGYEQYF,,GILGFVFTL,M1
flu,CASSIRSSYEQYF,,GILGFVFTL,M1
flu,CASSIRSTDTQYF,,GILGFVFTL,M1
flu,CASSKRSTDTQYF,,GILGFVFTL,M1
flu,CASSLGTSGSYNEQFF,,GILGFVFTL,M1
flu,CASSLRSSYEQYF,,GILGFVFTL,M1
flu,CASSMRAAYEQYF,,GILGFVFTL,M1
flu,CASSMRSAYEQYF,,GILGFVFTL,M1
flu,CASSMRSSYEQYF,,GILGFVFTL,M1
flu,CASSMRTGDTQYF,,GILGFVFTL,M1
flu,CASSPRSGDTQYF,,GILGFVFTL,M1
flu,CASSPRSTDTQYF,,GILGFVFTL,M1
flu,CASSQRSTDTQYF,,GILGFVFTL,M1
flu,CASSSGSSGYYNEQFF,,GILGFVFTL,M1
flu,CASSSGSYGYTF,,GILGFVFTL,M1
flu,CASSSRSAYEQYF,,GILGFVFTL,M1
flu,CASSSRSSYEQYF,,GILGFVFTL,M1
flu,CASSSRSTDTQYF,,GILGFVFTL,M1
flu,CASSTRSADTQYF,,GILGFVFTL,M1
flu,CASSTRSSDTQYF,,GILGFVFTL,M1
flu,CASSTRSSYEQYF,,GILGFVFTL,M1
flu,CASSTRSSYERYF,,GILGFVFTL,M1
flu,CASSVRSSYEQXF,,GILGFVFTL,M1
flu,CASSVRSSYEQYF,,GILGFVFTL,M1
flu,CASSYRSSNEQFF,,GILGFVFTL,M1
flu,CATSGRAGVEQFF,,GILGFVFTL,M1
CMV,CASSFQGYTEAFF,,NLVPMVATV,pp65
CMV,CASSLAPGATNEKLFF,,NLVPMVATV,pp65
CMV,CASSLTSGSPYNEQFF,,NLVPMVATV,pp65
CMV,CASSLVGGRYGYTF,,NLVPMVATV,pp65
CMV,CASSSAHYGYTF,,NLVPMVATV,pp65
CMV,CASSSANYGYTF,,NLVPMVATV,pp65
CMV,CASSVVNEQFF,,NLVPMVATV,pp65
CMV,CAISEGDLNTEAFF,,TPRVTGGGAM,pp65
CMV,CASSEGIGYNSPLHF,,TPRVTGGGAM,pp65
CMV,CASSGDPEHGYNYGYTF,,TPRVTGGGAM,pp65
CMV,CASSKGAAITVGLETQYF,,TPRVTGGGAM,pp65
CMV,CASSLASDGPQETQYF,,TPRVTGGGAM,pp65
CMV,CASSPARNTEAFF,,TPRVTGGGAM,pp65
CMV,CASSPHRNTEAFF,,TPRVTGGGAM,pp65
CMV,CASSPNRNTEAFF,,TPRVTGGGAM,pp65
CMV,CASSPQRNTEAFF,,TPRVTGGGAM,pp65
CMV,CASSPQRNTEASF,,TPRVTGGGAM,pp65
CMV,CASSPQSDQNQGTQYF,,TPRVTGGGAM,pp65
CMV,CASSPSRNTEAFF,,TPRVTGGGAM,pp65
CMV,CASSPTRNTEAFF,,TPRVTGGGAM,pp65
CMV,CASSQGLAGGPRTDTQYF,,TPRVTGGGAM,pp65
CMV,CASSWAPNTGELF,,TPRVTGGGAM,pp65
CMV,CSARDLKAGSWVEQYF,,TPRVTGGGAM,pp65
CMV,CSARDPQGVTEAFF,,TPRVTGGGAM,pp65
CMV,CSARDSSGGAKNIQYF,,TPRVTGGGAM,pp65
CMV,CSASLASTSNYGYTF,,TPRVTGGGAM,pp65
CMV,CSATPARASNTEAFF,,TPRVTGGGAM,pp65
CMV,CSGIDKPVTDTQYF,,TPRVTGGGAM,pp65
